2026-05-30T11:02:11.000Z,1393,Problemas na Sala Técnica do CSC | Para formalização do chamado e andamento no atendimento segue parte da mensagem envia,Elétrica > Instalações elétricas,Elétrica > Instalações elétricas,0.62,Alta,Reclass_LSTM,Reclass: Elétrica > Instalações elétricas→PENDENTE_REVISAO (0.62→0.42) [nova_cat=PENDENTE_REVISAO; mantido]
2026-06-21T22:35:02.000Z,13874,Infraestrutura de Telecomunicação na portaria,TI / Dados / Rede > Ponto de rede / fibra ótica / Wi-fi,TI / Dados / Rede > Ponto de rede / fibra ótica / Wi-fi,0.45,Baixa,Supervisionado_LSTM_baixa_conf,Processado
2026-06-22T03:20:36.000Z,13875,Manutenção Preventiva - Limpeza Ralos Cobertura Reitoria,"Manutenção Preventiva > Telhados, calhas, rufos, etc.","Manutenção Preventiva > Telhados, calhas, rufos, etc.",0.25,Baixa,Supervisionado_LSTM_baixa_conf,Processado
2026-06-23T13:40:26.000Z,13876,Entupimento,Hidrossanitária > Hidráulica,Hidrossanitária > Hidráulica,0.38,Baixa,Supervisionado_LSTM_baixa_conf,Processado
2026-06-25T13:21:08.000Z,13877,Aparelhos de ar condicionado que não estão funcionando nos laboratórios,Climatização > Ar condicionado,Climatização > Ar condicionado,0.95,Baixa,Supervisionado_LSTM_baixa_conf,Processado
2026-06-25T13:21:09.000Z,13878,"Prezados, bom dia.  poderia por favor verificar um vazamento no ar con",Climatização > Ar condicionado,Climatização > Ar condicionado,0.72,Baixa,Supervisionado_LSTM_baixa_conf,Processado
2026-06-25T17:08:13.000Z,13879,Entupimento de rede de esgoto,Hidrossanitária > Hidráulica,Hidrossanitária > Hidráulica,0.74,Baixa,Supervisionado_LSTM_baixa_conf,Processado
2026-06-25T20:27:18.000Z,13880,Instalação de abafador de ruído em porta,"Estrutura Predial > Esquadrias, porta, portão e janelas","Estrutura Predial > Esquadrias, porta, portão e janelas",0.63,Baixa,Supervisionado_LSTM_baixa_conf,Processado
2026-06-29T15:24:19.000Z,13881,Troca de Lâmpadas na Sala da NTI (Nucleo de TI),Elétrica > Iluminação,Elétrica > Iluminação,0.96,Baixa,Supervisionado_LSTM,Processado
2026-06-30T02:52:36.000Z,13882,Manutenção Preventiva Bimensal - Gerador 75 kVA - Reitoria,Manutenção Preventiva > Gerador,Manutenção Preventiva > Gerador,0.99,Baixa,Supervisionado_LSTM,Processado
2026-06-30T20:28:38.000Z,13883,Solicitação de manutenção – Cadeira de trabalho,"Instalação de Acessórios e Mobiliário > Instalação/Reparo de Equipamentos, Acessórios e Mobiliários","Instalação de Acessórios e Mobiliário > Instalação/Reparo de Equipamentos, Acessórios e Mobiliários",0.22,Baixa,Supervisionado_LSTM_baixa_conf,Processado
2026-06-30T20:28:39.000Z,13884,"Prezados, boa tarde.  Poderia por favor realizar a instalação de uma t",Elétrica > Instalações elétricas,Elétrica > Instalações elétricas,0.32,Baixa,Supervisionado_LSTM_baixa_conf,Processado
2026-06-30T20:28:39.000Z,13885,"Prezados, boa tarde.  Poderiam verificar a possibilidade de trocas de",Estrutura Predial > Alvenaria / Pisos / Estrutura,Estrutura Predial > Alvenaria / Pisos / Estrutura,0.52,Baixa,Supervisionado_LSTM_baixa_conf,Processado
2026-07-01T12:12:12.000Z,13886,Manutenção portão Reitoria,"Estrutura Predial > Esquadrias, porta, portão e janelas","Estrutura Predial > Esquadrias, porta, portão e janelas",0.58,Baixa,Supervisionado_LSTM_baixa_conf,Processado
2026-07-01T13:12:16.000Z,13887,Aujuda com mão de obra para instalção de horta escolar,Área Externa e Ambiental > Manutenção área externa / meio ambiente,Área Externa e Ambiental > Manutenção área externa / meio ambiente,0.49,Baixa,Supervisionado_LSTM_baixa_conf,Processado
2026-07-01T16:55:50.000Z,13888,Acesso para lançamento das notas,TI / Dados / Rede > Ponto de rede / fibra ótica / Wi-fi,TI / Dados / Rede > Ponto de rede / fibra ótica / Wi-fi,0.35,Baixa,Supervisionado_LSTM_baixa_conf,Processado
2026-07-01T18:26:24.000Z,13889,Problema com o ar condicionado,Climatização > Ar condicionado,Climatização > Ar condicionado,0.91,Baixa,Supervisionado_LSTM_baixa_conf,Processado
2026-07-01T22:56:06.000Z,13890,Boa noite!  Por alguma razão não estou recebendo e-mails. Meus alunos,TI / Dados / Rede > Ponto de rede / fibra ótica / Wi-fi,TI / Dados / Rede > Ponto de rede / fibra ótica / Wi-fi,0.26,Baixa,Supervisionado_LSTM_baixa_conf,Processado
2026-07-03T03:07:36.000Z,13891,Manutenção Preventiva Mensal - Ar condicionado Central - CSC,Manutenção Preventiva > Ar condicionado central,Manutenção Preventiva > Ar condicionado central,0.5,Baixa,Supervisionado_LSTM_baixa_conf,Processado
2026-07-03T03:07:36.000Z,13892,Manutenção Preventiva Mensal - Ar Condicionado Central - CSC - Tratamento Químico Mensal da Água de Condensação,Manutenção Preventiva > Ar condicionado central,Manutenção Preventiva > Ar condicionado central,0.96,Baixa,Supervisionado_LSTM,Processado
2026-07-03T03:35:56.000Z,13893,Manutenção Preventiva Mensal - Ar condicionado - Reitoria,Manutenção Preventiva > Ar condicionado split,Manutenção Preventiva > Ar condicionado split,0.91,Baixa,Supervisionado_LSTM_baixa_conf,Processado
2026-07-03T15:51:47.000Z,13894,Manutenção Preventiva | Anual | Teste Hidrostático Mangeiras Incêndio| CJA | Laboratórios CEPEC,Manutenção Preventiva > Sistemas de incêndio,Manutenção Preventiva > Sistemas de incêndio,0.23,Alta,Supervisionado_LSTM_baixa_conf,Processado
2026-07-03T15:51:48.000Z,13895,Manutenção Preventiva | Anual | Teste Hidrostático Mangeiras Incêndio| CJA | NUPED,Manutenção Preventiva > Sistemas de incêndio,Manutenção Preventiva > Sistemas de incêndio,0.2,Alta,Supervisionado_LSTM_baixa_conf,Processado
2026-07-03T15:51:49.000Z,13896,Manutenção Preventiva | Anual | Teste Hidrostático Mangeiras Incêndio| CJA | NVGA,Manutenção Preventiva > Sistemas de incêndio,Manutenção Preventiva > Sistemas de incêndio,0.31,Alta,Supervisionado_LSTM_baixa_conf,Processado
2026-07-03T15:51:51.000Z,13897,Manutenção Preventiva | Anual | Teste Hidrostático Mangeiras Incêndio| CPF,Manutenção Preventiva > Sistemas de incêndio,Manutenção Preventiva > Sistemas de incêndio,0.24,Alta,Supervisionado_LSTM_baixa_conf,Processado
2026-07-03T15:51:51.000Z,13898,Manutenção Preventiva | Anual | Teste Hidrostático Mangeiras Incêndio| CPF | NUPED,Manutenção Preventiva > Sistemas de incêndio,Manutenção Preventiva > Sistemas de incêndio,0.23,Alta,Supervisionado_LSTM_baixa_conf,Processado
2026-07-03T18:08:29.000Z,13899,Instalação de Desktop,"Instalação de Acessórios e Mobiliário > Instalação/Reparo de Equipamentos, Acessórios e Mobiliários","Instalação de Acessórios e Mobiliário > Instalação/Reparo de Equipamentos, Acessórios e Mobiliários",0.33,Baixa,Supervisionado_LSTM_baixa_conf,Processado
2026-07-06T22:05:06.000Z,13900,Manutenção Preventiva Mensal - Ar condicionado - CSC - LABMOL,Manutenção Preventiva > Ar condicionado split,Manutenção Preventiva > Ar condicionado split,0.91,Baixa,Supervisionado_LSTM_baixa_conf,Processado
2026-07-06T22:05:08.000Z,13901,Manutenção Preventiva Mensal - Ar condicionado - CJA - Laboratório CEPLAC,Manutenção Preventiva > Ar condicionado split,Manutenção Preventiva > Ar condicionado split,0.88,Baixa,Supervisionado_LSTM_baixa_conf,Processado
2026-07-06T22:05:54.000Z,13902,Manutenção Preventiva Mensal - Ar condicionado - CJA - NUPED,Manutenção Preventiva > Ar condicionado split,Manutenção Preventiva > Ar condicionado split,0.9,Baixa,Supervisionado_LSTM_baixa_conf,Processado
2026-07-06T22:05:55.000Z,13903,Manutenção Preventiva Mensal - Ar condicionado - CJA - NVGA,Manutenção Preventiva > Ar condicionado split,Manutenção Preventiva > Ar condicionado split,0.9,Baixa,Supervisionado_LSTM_baixa_conf,Processado
2026-07-06T22:05:56.000Z,13904,Manutenção Preventiva Mensal - Ar condicionado - CJA - Auditório CEPLAC,Manutenção Preventiva > Ar condicionado split,Manutenção Preventiva > Ar condicionado split,0.9,Baixa,Supervisionado_LSTM_baixa_conf,Processado
2026-07-06T22:05:56.000Z,13905,Manutenção Preventiva Mensal - Ar condicionado - CPF - Bloco Administrativo,Manutenção Preventiva > Ar condicionado split,Manutenção Preventiva > Ar condicionado split,0.96,Baixa,Supervisionado_LSTM,Processado
2026-07-06T22:05:57.000Z,13904,Manutenção Preventiva Mensal - Ar condicionado - CJA - Auditório CEPLAC,Manutenção Preventiva > Ar condicionado split,Manutenção Preventiva > Ar condicionado split,0.87,Baixa,Supervisionado_LSTM_baixa_conf,Processado
2026-07-06T22:05:57.000Z,13906,Manutenção Preventiva Mensal - Ar condicionado - CPF - Bloco de Aulas 1,Manutenção Preventiva > Ar condicionado split,Manutenção Preventiva > Ar condicionado split,0.96,Baixa,Supervisionado_LSTM,Processado
2026-07-06T22:05:57.000Z,13905,Manutenção Preventiva Mensal - Ar condicionado - CPF - Bloco Administrativo,Manutenção Preventiva > Ar condicionado split,Manutenção Preventiva > Ar condicionado split,0.91,Baixa,Supervisionado_LSTM_baixa_conf,Processado
2026-07-06T22:05:58.000Z,13907,Manutenção Preventiva Mensal - Ar condicionado - CPF - Bloco de Aulas 2,Manutenção Preventiva > Ar condicionado split,Manutenção Preventiva > Ar condicionado split,0.96,Baixa,Supervisionado_LSTM,Processado
2026-07-06T22:05:58.000Z,13906,Manutenção Preventiva Mensal - Ar condicionado - CPF - Bloco de Aulas 1,Manutenção Preventiva > Ar condicionado split,Manutenção Preventiva > Ar condicionado split,0.9,Baixa,Supervisionado_LSTM_baixa_conf,Processado
2026-07-06T22:05:58.000Z,13908,Manutenção Preventiva Mensal - Ar condicionado - CPF - Laboratório 1° Ciclo CFCS,Manutenção Preventiva > Ar condicionado split,Manutenção Preventiva > Ar condicionado split,0.96,Baixa,Supervisionado_LSTM,Processado
2026-07-06T22:05:59.000Z,13907,Manutenção Preventiva Mensal - Ar condicionado - CPF - Bloco de Aulas 2,Manutenção Preventiva > Ar condicionado split,Manutenção Preventiva > Ar condicionado split,0.91,Baixa,Supervisionado_LSTM_baixa_conf,Processado
2026-07-06T22:05:59.000Z,13909,Manutenção Preventiva Mensal - Ar condicionado - CPF - Pavilhão Anexo de Aulas,Manutenção Preventiva > Ar condicionado split,Manutenção Preventiva > Ar condicionado split,0.96,Baixa,Supervisionado_LSTM,Processado
2026-07-06T22:05:59.000Z,13908,Manutenção Preventiva Mensal - Ar condicionado - CPF - Laboratório 1° Ciclo CFCS,Manutenção Preventiva > Ar condicionado split,Manutenção Preventiva > Ar condicionado split,0.94,Baixa,Supervisionado_LSTM_baixa_conf,Processado
2026-07-06T22:06:00.000Z,13910,Manutenção Preventiva Mensal - Ar condicionado - CSC - Pavilhão Administrativo,Manutenção Preventiva > Ar condicionado split,Manutenção Preventiva > Ar condicionado split,0.95,Baixa,Supervisionado_LSTM_baixa_conf,Processado
2026-07-06T22:06:00.000Z,13909,Manutenção Preventiva Mensal - Ar condicionado - CPF - Pavilhão Anexo de Aulas,Manutenção Preventiva > Ar condicionado split,Manutenção Preventiva > Ar condicionado split,0.9,Baixa,Supervisionado_LSTM_baixa_conf,Processado
2026-07-06T22:06:00.000Z,13911,Manutenção Preventiva Mensal - Ar condicionado - CSC - Bloco de Serviços,Manutenção Preventiva > Ar condicionado split,Manutenção Preventiva > Ar condicionado split,0.96,Baixa,Supervisionado_LSTM,Processado
2026-07-06T22:06:00.000Z,13910,Manutenção Preventiva Mensal - Ar condicionado - CSC - Pavilhão Administrativo,Manutenção Preventiva > Ar condicionado split,Manutenção Preventiva > Ar condicionado split,0.84,Baixa,Supervisionado_LSTM_baixa_conf,Processado
2026-07-06T22:06:01.000Z,13912,Manutenção Preventiva Mensal - Ar condicionado - CSC - Espaço de Leitura,Manutenção Preventiva > Ar condicionado split,Manutenção Preventiva > Ar condicionado split,0.95,Baixa,Supervisionado_LSTM,Processado
2026-07-06T22:06:01.000Z,13911,Manutenção Preventiva Mensal - Ar condicionado - CSC - Bloco de Serviços,Manutenção Preventiva > Ar condicionado split,Manutenção Preventiva > Ar condicionado split,0.85,Baixa,Supervisionado_LSTM_baixa_conf,Processado
2026-07-06T22:06:01.000Z,13913,Manutenção Preventiva Mensal - Ar condicionado - CSC - Laboratórios,Manutenção Preventiva > Ar condicionado split,Manutenção Preventiva > Ar condicionado split,0.94,Baixa,Supervisionado_LSTM_baixa_conf,Processado
2026-07-06T22:06:02.000Z,13914,Manutenção Preventiva Mensal - Ar condicionado - CSC - Pavilhão de Convenções,Manutenção Preventiva > Ar condicionado split,Manutenção Preventiva > Ar condicionado split,0.96,Baixa,Supervisionado_LSTM,Processado
2026-07-06T22:06:02.000Z,13912,Manutenção Preventiva Mensal - Ar condicionado - CSC - Espaço de Leitura,Manutenção Preventiva > Ar condicionado split,Manutenção Preventiva > Ar condicionado split,0.84,Baixa,Supervisionado_LSTM_baixa_conf,Processado
2026-07-06T22:06:03.000Z,13913,Manutenção Preventiva Mensal - Ar condicionado - CSC - Laboratórios,Manutenção Preventiva > Ar condicionado split,Manutenção Preventiva > Ar condicionado split,0.77,Baixa,Supervisionado_LSTM_baixa_conf,Processado
2026-07-06T22:06:04.000Z,13914,Manutenção Preventiva Mensal - Ar condicionado - CSC - Pavilhão de Convenções,Manutenção Preventiva > Ar condicionado split,Manutenção Preventiva > Ar condicionado split,0.83,Baixa,Supervisionado_LSTM_baixa_conf,Processado
2026-07-06T23:14:17.000Z,13915,Manutenção Preventiva Mensal - Ar condicionado - CSC - Pavilhão de Feiras,Manutenção Preventiva > Ar condicionado split,Manutenção Preventiva > Ar condicionado split,0.97,Baixa,Supervisionado_LSTM,Processado
2026-07-06T23:14:17.000Z,13916,Manutenção Preventiva Mensal - Ar Condicionado - CSC - Pórtico,Manutenção Preventiva > Ar condicionado split,Manutenção Preventiva > Ar condicionado split,0.95,Baixa,Supervisionado_LSTM,Processado
2026-07-06T23:14:18.000Z,13917,Manutenção Semestral - Ar condicionado - CJA - CFCA/CEPLAC,Manutenção Preventiva > Ar condicionado split,Manutenção Preventiva > Ar condicionado split,0.91,Baixa,Supervisionado_LSTM_baixa_conf,Processado
2026-07-06T23:14:19.000Z,13918,Manutenção Semestral - Ar condicionado - CJA - NVGA,Manutenção Preventiva > Ar condicionado split,Manutenção Preventiva > Ar condicionado split,0.77,Baixa,Supervisionado_LSTM_baixa_conf,Processado
2026-07-06T23:15:05.000Z,13919,Manutenção Preventiva Mensal - Ar condicionado - CPF - Laboratório de Habilidades,Manutenção Preventiva > Ar condicionado split,Manutenção Preventiva > Ar condicionado split,0.98,Baixa,Supervisionado_LSTM,Processado
2026-07-06T23:15:28.000Z,13920,Manutenção Preventiva Mensal - Ar condicionado - CPF - Clínica escola de Psicologia,Manutenção Preventiva > Ar condicionado split,Manutenção Preventiva > Ar condicionado split,0.97,Baixa,Supervisionado_LSTM,Processado
2026-07-06T23:15:29.000Z,13921,Manutenção Preventiva Mensal - Ar condicionado - CPF - Salas de Tutoria,Manutenção Preventiva > Ar condicionado split,Manutenção Preventiva > Ar condicionado split,0.96,Baixa,Supervisionado_LSTM,Processado
2026-07-06T23:15:29.000Z,13922,Manutenção preventiva mensal do elevador da Reitoria,Manutenção Preventiva > Elevador,Manutenção Preventiva > Elevador,0.91,Baixa,Supervisionado_LSTM_baixa_conf,Processado
2026-07-06T23:15:30.000Z,13923,Manutenção preventiva mensal dos elevadores do Núcleo Pedagógico do Campus Paulo Freire,Manutenção Preventiva > Elevador,Manutenção Preventiva > Elevador,0.92,Baixa,Supervisionado_LSTM_baixa_conf,Processado
2026-07-06T23:15:32.000Z,13924,Manutenção preventiva mensal dos elevadores do Núcleo Pedagógico do Campus Jorge Amado,Manutenção Preventiva > Elevador,Manutenção Preventiva > Elevador,0.95,Baixa,Supervisionado_LSTM_baixa_conf,Processado
2026-07-06T23:15:34.000Z,13925,Limpeza Geral/Manutenção Semestral dos Ar condicionados - N.P CJA,Manutenção Preventiva,Manutenção Preventiva > Ar condicionado split,0.97,Baixa,Supervisionado_LSTM,Processado
2026-07-06T23:15:35.000Z,13926,Instalação de TVs,"Instalação de Acessórios e Mobiliário > Instalação/reparo de equipamentos (Suportes de TV, acessórios de banheiro e quadro branco)","Instalação de Acessórios e Mobiliário > Instalação/reparo de equipamentos (Suportes de TV, acessórios de banheiro e quadro branco)",0.42,Baixa,Supervisionado_LSTM_baixa_conf,Processado
2026-07-06T23:15:36.000Z,13927,SOLICIATAÇÃO DE ESPAÇO PARA E-MAIL PESSOAL.,TI / Dados / Rede > Ponto de rede / fibra ótica / Wi-fi,TI / Dados / Rede > Ponto de rede / fibra ótica / Wi-fi,0.22,Baixa,Supervisionado_LSTM_baixa_conf,Processado
2026-07-06T23:15:37.000Z,13928,ACESSO AO SIGAA DA PROFESSORA RECEM CHEGADA,TI / Dados / Rede > Ponto de rede / fibra ótica / Wi-fi,TI / Dados / Rede > Ponto de rede / fibra ótica / Wi-fi,0.31,Baixa,Supervisionado_LSTM_baixa_conf,Processado
2026-07-07T12:38:41.000Z,13929,Vaso sanitário,Hidrossanitária > Hidráulica,Hidrossanitária > Hidráulica,0.68,Baixa,Supervisionado_LSTM_baixa_conf,Processado
2026-07-07T15:23:27.000Z,13930,Solicitação de viabilidade para instalação de DIOs e ativação de fibra óptica na entrada do CSC,TI / Dados / Rede > Ponto de rede / fibra ótica / Wi-fi,TI / Dados / Rede > Ponto de rede / fibra ótica / Wi-fi,0.64,Baixa,Supervisionado_LSTM_baixa_conf,Processado
2026-07-07T16:10:03.000Z,13931,Criação dos e-mails institucionais Serpro e Google,TI / Dados / Rede > Ponto de rede / fibra ótica / Wi-fi,TI / Dados / Rede > Ponto de rede / fibra ótica / Wi-fi,0.29,Baixa,Supervisionado_LSTM_baixa_conf,Processado
2026-07-07T18:37:49.000Z,13932,Manutenção Preventiva Semestral - Gerador 155 kVA - CJA,Manutenção Preventiva > Gerador,Manutenção Preventiva > Gerador,0.98,Baixa,Supervisionado_LSTM,Processado
2026-07-07T19:38:06.000Z,13933,Ar condicionado pingando,Climatização > Ar condicionado,Climatização > Ar condicionado,0.95,Baixa,Supervisionado_LSTM,Processado
2026-07-08T17:55:44.000Z,13934,Reparo na porta da DINFRA,"Estrutura Predial > Esquadrias, porta, portão e janelas","Estrutura Predial > Esquadrias, porta, portão e janelas",0.39,Média,Supervisionado_LSTM_baixa_conf,Processado
2026-07-09T14:55:46.000Z,13935,Limpeza luminária led laboratórios,Elétrica > Iluminação,Elétrica > Iluminação,0.36,Baixa,Supervisionado_LSTM_baixa_conf,Processado
2026-07-09T14:55:46.000Z,13936,Troca de Lâmpada - Laboratório Interdisciplinar 2,Elétrica > Iluminação,Elétrica > Iluminação,0.97,Baixa,Supervisionado_LSTM,Processado
2026-07-09T14:55:47.000Z,13937,Manutenção de Tomada - Setor de Laboratórios,Elétrica > Instalações elétricas,Elétrica > Instalações elétricas,0.74,Baixa,Supervisionado_LSTM_baixa_conf,Processado
2026-07-09T14:55:48.000Z,13938,"Solicitação de verificação da parte eletrica do gabinete de uso das Profas. Danusa e Rosane, no CFCAf/CEPEC",Elétrica > Instalações elétricas,Elétrica > Instalações elétricas,0.14,Baixa,Supervisionado_LSTM_baixa_conf,Processado
2026-07-09T14:55:48.000Z,13939,Forro,Estrutura Predial > Forro,Estrutura Predial > Forro,0.27,Baixa,Supervisionado_LSTM_baixa_conf,Processado
2026-07-09T15:23:57.000Z,13940,Ar-condicionado vazando água,Climatização > Ar condicionado,Climatização > Ar condicionado,0.99,Baixa,Supervisionado_LSTM,Processado
2026-07-10T00:38:06.000Z,13941,Manutenção de Armários - Laboratório Interdisciplinar 2,"Instalação de Acessórios e Mobiliário > Instalação/reparo de equipamentos (Suportes de TV, acessórios de banheiro e quadro branco)","Instalação de Acessórios e Mobiliário > Instalação/reparo de equipamentos (Suportes de TV, acessórios de banheiro e quadro branco)",0.6,Baixa,Supervisionado_LSTM_baixa_conf,Processado
2026-07-10T00:38:06.000Z,13942,Problemas no SIGAA,TI / Dados / Rede > Ponto de rede / fibra ótica / Wi-fi,TI / Dados / Rede > Ponto de rede / fibra ótica / Wi-fi,0.4,Baixa,Supervisionado_LSTM_baixa_conf,Processado
2026-07-10T00:38:07.000Z,13943,Fotovoltaico da Reitoria | Placa de sinalização de sistema fotovoltáico | Placa de sinalização de sistema fotovoltáico,Elétrica > Sistema Fotovoltaico (FV),Elétrica > Sistema Fotovoltaico (FV),0.16,Baixa,Supervisionado_LSTM_baixa_conf,Processado
2026-07-10T14:53:16.000Z,13944,Compra de  6 lamina para roçadeira Sthill,Área Externa e Ambiental > Manutenção área externa / meio ambiente,Área Externa e Ambiental > Manutenção área externa / meio ambiente,0.12,Baixa,Supervisionado_LSTM_baixa_conf,Processado
2026-07-10T14:53:17.000Z,13945,Manutenção ar condicionado,Climatização > Ar condicionado,Climatização > Ar condicionado,0.63,Baixa,Supervisionado_LSTM_baixa_conf,Processado
2026-07-10T14:53:17.000Z,13946,VAZAMENTO INTENSO DE ÁGUA PELO AR CONDICIONADO,Climatização > Ar condicionado,Climatização > Ar condicionado,0.47,Baixa,Supervisionado_LSTM_baixa_conf,Processado
2026-07-10T16:51:10.000Z,13947,Remoção de Torneira,Hidrossanitária > Hidráulica,Hidrossanitária > Hidráulica,0.53,Baixa,Supervisionado_LSTM_baixa_conf,Processado
2026-07-10T18:33:32.000Z,13948,Placa de identificação Laboratório Interdisciplinar 2,Instalação de Acessórios e Mobiliário > Placas de identificação,Instalação de Acessórios e Mobiliário > Placas de identificação,0.25,Baixa,Supervisionado_LSTM_baixa_conf,Processado
2026-07-10T19:08:11.000Z,13949,"Prezados,     Fiz contato com Edcarllos solicitando a liberação do ace",TI / Dados / Rede > Ponto de rede / fibra ótica / Wi-fi,TI / Dados / Rede > Ponto de rede / fibra ótica / Wi-fi,0.12,Baixa,Supervisionado_LSTM_baixa_conf,Processado
2026-07-12T23:36:33.000Z,13950,Inserção de email nas listas/grupos de email,TI / Dados / Rede > Ponto de rede / fibra ótica / Wi-fi,TI / Dados / Rede > Ponto de rede / fibra ótica / Wi-fi,0.28,Baixa,Supervisionado_LSTM_baixa_conf,Processado
2026-07-15T02:50:38.000Z,13951,Solicitação de ajuda em projeto de extensão,"Instalação de Acessórios e Mobiliário > Instalação/reparo de equipamentos (Suportes de TV, acessórios de banheiro e quadro branco)","Instalação de Acessórios e Mobiliário > Instalação/reparo de equipamentos (Suportes de TV, acessórios de banheiro e quadro branco)",0.21,Baixa,Supervisionado_LSTM_baixa_conf,Processado
2026-07-15T02:50:39.000Z,13952,Gerador com defeito,Elétrica > Gerador,Elétrica > Gerador,0.14,Média,Supervisionado_LSTM_baixa_conf,Processado
2026-07-15T02:50:39.000Z,13953,Soliclitação de perfil de gestor da proex no SIGAA,TI / Dados / Rede > Ponto de rede / fibra ótica / Wi-fi,TI / Dados / Rede > Ponto de rede / fibra ótica / Wi-fi,0.23,Baixa,Supervisionado_LSTM_baixa_conf,Processado
2026-07-15T02:50:40.000Z,13954,Troca de papeleira e tampa sanitário.,Hidrossanitária > Hidráulica,Hidrossanitária > Hidráulica,0.37,Baixa,Supervisionado_LSTM_baixa_conf,Processado
2026-07-15T02:50:41.000Z,13955,Problema com disjuntores.,Elétrica > Instalações elétricas,Elétrica > Instalações elétricas,0.24,Baixa,Supervisionado_LSTM_baixa_conf,Processado
2026-07-15T02:50:41.000Z,13956,Cobertura de área de luz da Sala da Diretoria,"Estrutura Predial > Telhados, calhas, rufos, etc.","Estrutura Predial > Telhados, calhas, rufos, etc.",0.15,Baixa,Supervisionado_LSTM_baixa_conf,Processado
2026-07-15T02:50:42.000Z,13957,Problemas com ar condicionado,Climatização > Ar condicionado,Climatização > Ar condicionado,0.94,Baixa,Supervisionado_LSTM_baixa_conf,Processado
2026-07-15T02:50:43.000Z,13958,Realocação de mesas de tutoria para salas definitivas,"Instalação de Acessórios e Mobiliário > Instalação/reparo de equipamentos (Suportes de TV, acessórios de banheiro e quadro branco)","Instalação de Acessórios e Mobiliário > Instalação/reparo de equipamentos (Suportes de TV, acessórios de banheiro e quadro branco)",0.66,Baixa,Supervisionado_LSTM_baixa_conf,Processado
2026-07-15T02:50:43.000Z,13959,SIFÃO QUEBRADO NA PIA DO DEPÓSITO DE LIMPEZA,Hidrossanitária > Hidráulica,Hidrossanitária > Hidráulica,0.8,Média,Supervisionado_LSTM_baixa_conf,Processado
2026-07-15T20:42:54.000Z,13960,Tomada sem funcionar,Elétrica > Instalações elétricas,Elétrica > Instalações elétricas,0.82,Baixa,Supervisionado_LSTM_baixa_conf,Processado
2026-07-15T20:42:55.000Z,13961,Manutenção portão 03,"Estrutura Predial > Esquadrias, porta, portão e janelas","Estrutura Predial > Esquadrias, porta, portão e janelas",0.52,Baixa,Supervisionado_LSTM_baixa_conf,Processado
2026-07-16T17:19:53.000Z,13962,Instalação de Ar condicionado,Climatização > Ar condicionado,Climatização > Ar condicionado,0.91,Baixa,Supervisionado_LSTM_baixa_conf,Processado
2026-07-16T17:19:55.000Z,13963,Instalação de Quadro Branco ou quadro de vidro,"Instalação de Acessórios e Mobiliário > Instalação/reparo de equipamentos (Suportes de TV, acessórios de banheiro e quadro branco)",Estrutura Predial > Alvenaria / Pisos / Estrutura,0.76,Baixa,Supervisionado_LSTM_baixa_conf,Processado
2026-07-16T17:19:56.000Z,13964,Instalação de TVs (suporte para TVs),"Instalação de Acessórios e Mobiliário > Instalação/reparo de equipamentos (Suportes de TV, acessórios de banheiro e quadro branco)",Estrutura Predial > Alvenaria / Pisos / Estrutura,0.76,Baixa,Supervisionado_LSTM_baixa_conf,Processado
2026-07-16T17:19:56.000Z,13965,Criação de Email da Seção de Planejamento Acadêmico e Projetos,TI / Dados / Rede > Ponto de rede / fibra ótica / Wi-fi,TI / Dados / Rede > Ponto de rede / fibra ótica / Wi-fi,0.22,Baixa,Supervisionado_LSTM_baixa_conf,Processado
2026-07-16T19:35:29.000Z,13966,PROBLEMA DE ACESSO NO SIGAA DO ALUNO ANTONIO DOS REIS SILVA FILHO,TI / Dados / Rede > Ponto de rede / fibra ótica / Wi-fi,TI / Dados / Rede > Ponto de rede / fibra ótica / Wi-fi,0.38,Baixa,Supervisionado_LSTM_baixa_conf,Processado
2026-07-17T20:41:17.000Z,13967,Troca da lâmpada,Elétrica > Iluminação,Elétrica > Iluminação,0.98,Baixa,Supervisionado_LSTM,Processado
2026-07-17T20:41:17.000Z,13968,Manutenção de Ar condicionado Split da DINFRA,Climatização > Ar condicionado split,Manutenção Preventiva > Ar condicionado split,0.97,Baixa,Supervisionado_LSTM,Processado
2026-07-17T20:41:19.000Z,13969,Torca de saboneteira,Hidrossanitária > Hidráulica,Estrutura Predial > Alvenaria / Pisos / Estrutura,0.74,Baixa,Supervisionado_LSTM_baixa_conf,Processado
2026-07-17T20:41:20.000Z,13970,Reparo do DAFA da estação de tratamento de esgosto do CJA,Estrutura Predial > Infiltração,Estrutura Predial > Infiltração,0.18,Média,Supervisionado_LSTM_baixa_conf,Processado
2026-07-17T20:41:21.000Z,13971,URGÊNCIA - Correção de Vazamento no DAFRA,Área Externa e Ambiental > Manutenção área externa / meio ambiente,Área Externa e Ambiental > Manutenção área externa / meio ambiente,0.31,Baixa,Supervisionado_LSTM_baixa_conf,Processado
2026-07-17T20:41:23.000Z,13972,Caixa dagua com vazamento,Hidrossanitária > Hidráulica,Hidrossanitária > Hidráulica,0.57,Baixa,Supervisionado_LSTM_baixa_conf,Processado
2026-07-17T20:41:24.000Z,13973,Reposição dos assentos sanitários no banheiro feminino do Pórtico,"Instalação de Acessórios e Mobiliário > Instalação/reparo de equipamentos (Suportes de TV, acessórios de banheiro e quadro branco)",Estrutura Predial > Alvenaria / Pisos / Estrutura,0.83,Baixa,Supervisionado_LSTM_baixa_conf,Processado
2026-07-21T21:21:29.000Z,13974,Vazamento no banheiro,"Instalação de Acessórios e Mobiliário > Instalação/reparo de equipamentos (Suportes de TV, acessórios de banheiro e quadro branco)","Instalação de Acessórios e Mobiliário > Instalação/reparo de equipamentos (Suportes de TV, acessórios de banheiro e quadro branco)",0.46,Baixa,Supervisionado_LSTM_baixa_conf,Processado
2026-07-21T21:21:30.000Z,13975,forro,Estrutura Predial > Forro,Estrutura Predial > Forro,0.54,Baixa,Supervisionado_LSTM_baixa_conf,Processado
2026-07-21T21:21:32.000Z,13976,Solicitação de verificação urgente de infiltração no Data Center - Reitoria,Estrutura Predial > Infiltração,Estrutura Predial > Infiltração,0.28,Alta,Supervisionado_LSTM_baixa_conf,Processado
2026-07-21T21:21:33.000Z,13977,Fechadura quebrada,Área Externa e Ambiental > Manutenção área externa / meio ambiente,Área Externa e Ambiental > Manutenção área externa / meio ambiente,0.67,Média,Supervisionado_LSTM_baixa_conf,Processado
2026-07-21T21:21:33.000Z,13978,o ar condicionado central do laboratório de Biologia Molecular não está resfriando o local  como deveria,Climatização > Ar condicionado split,Climatização > Ar condicionado split,0.2,Baixa,Supervisionado_LSTM_baixa_conf,Processado
2026-07-21T21:21:34.000Z,13979,Troca de fechadura,"Estrutura Predial > Esquadrias, porta, portão e janelas","Estrutura Predial > Esquadrias, porta, portão e janelas",0.52,Baixa,Supervisionado_LSTM_baixa_conf,Processado
2026-07-21T21:21:34.000Z,13980,Ar condicionado com defeito,Climatização > Ar condicionado split,Climatização > Ar condicionado split,0.14,Média,Supervisionado_LSTM_baixa_conf,Processado
2026-07-21T21:21:35.000Z,13981,Vistoria em banheiros,Manutenção Preventiva > Hidráulica,Manutenção Preventiva > Hidráulica,0.13,Baixa,Supervisionado_LSTM_baixa_conf,Processado
2026-07-21T21:21:35.000Z,13982,Instalação de quadro branco,"Instalação de Acessórios e Mobiliário > Instalação/reparo de equipamentos (Suportes de TV, acessórios de banheiro e quadro branco)","Instalação de Acessórios e Mobiliário > Instalação/reparo de equipamentos (Suportes de TV, acessórios de banheiro e quadro branco)",0.66,Baixa,Supervisionado_LSTM_baixa_conf,Processado
2026-07-21T21:21:36.000Z,13983,"Instalação de quadros, suporte de tv e tvs","Instalação de Acessórios e Mobiliário > Instalação/reparo de equipamentos (Suportes de TV, acessórios de banheiro e quadro branco)",Estrutura Predial > Alvenaria / Pisos / Estrutura,0.92,Baixa,Supervisionado_LSTM_baixa_conf,Processado
2026-07-21T21:21:39.000Z,13984,Substituição de lâmpadas queimadas e tampa de vaso sanitário do Conforto do Internato de medicina no HMTF,Elétrica > Iluminação,Elétrica > Iluminação,0.98,Média,Supervisionado_LSTM,Processado
2026-07-21T21:21:39.000Z,13985,O ar condicioonado da sala de reuniões da STI não está desligando. Fic,Climatização > Ar condicionado split,Climatização > Ar condicionado split,0.17,Baixa,Supervisionado_LSTM_baixa_conf,Processado
2026-07-21T21:21:40.000Z,13986,Verificação de aparelhos de ar condicionado.,Climatização > Ar condicionado split,Climatização > Ar condicionado split,0.16,Baixa,Supervisionado_LSTM_baixa_conf,Processado
2026-07-21T21:21:40.000Z,13987,Revisão de instalação elétrica.,Elétrica > Instalações elétricas,Elétrica > Instalações elétricas,0.44,Baixa,Supervisionado_LSTM_baixa_conf,Processado
2026-07-21T21:21:41.000Z,13988,Compra de lâmpadas | Compra de lâmpadas | Compra de lâmpadas para substituição,Elétrica > Iluminação,Elétrica > Iluminação,0.92,Média,Supervisionado_LSTM_baixa_conf,Processado
2026-07-23T17:54:56.000Z,13989,"Revisão de instalação elétrica. | Saudações!
Gostaria de solicitar a revisão das instalações elétricas do laboratório de",Elétrica > Instalações elétricas,Elétrica > Instalações elétricas,0.89,Baixa,Supervisionado_LSTM_baixa_conf,Processado
2026-07-23T17:54:57.000Z,13990,"Compra de lâmpadas | Compra de lâmpadas para atender as necessidades de iluminação do CFCA. Comprar 150 lâmpadas de 1,20",Elétrica > Iluminação,Elétrica > Iluminação,0.93,Média,Supervisionado_LSTM_baixa_conf,Processado
2026-07-23T17:54:58.000Z,13991,Iluminação,Elétrica > Iluminação,Elétrica > Iluminação,0.74,Baixa,Supervisionado_LSTM_baixa_conf,Processado
2026-07-23T17:54:59.000Z,13992,Recebimento de emails instituicionais,TI / Dados / Rede > Ponto de rede / fibra ótica / Wi-fi,TI / Dados / Rede > Ponto de rede / fibra ótica / Wi-fi,0.19,Baixa,Supervisionado_LSTM_baixa_conf,Processado
2026-07-23T17:55:00.000Z,13993,Reparo na porta do banheiro,"Estrutura Predial > Esquadrias, porta, portão e janelas","Estrutura Predial > Esquadrias, porta, portão e janelas",0.52,Média,Supervisionado_LSTM_baixa_conf,Processado
2026-07-23T17:55:00.000Z,13994,Porta do banheiro,Elétrica > Iluminação,Elétrica > Iluminação,0.55,Baixa,Supervisionado_LSTM_baixa_conf,Processado
2026-07-23T17:55:01.000Z,13995,Troca de lâmpada,Elétrica > Iluminação,Elétrica > Iluminação,0.9,Baixa,Supervisionado_LSTM_baixa_conf,Processado
2026-07-23T17:55:01.000Z,13996,Instalação de novos pontos,Elétrica > Instalações elétricas,Elétrica > Instalações elétricas,0.33,Baixa,Supervisionado_LSTM_baixa_conf,Processado
2026-07-23T17:55:03.000Z,13997,PEDIDO DE AVALIAÇÃO E APOIO EM CONSERTO DE RODAS DE 02 CADEIRAS GIRATÓRIAS,"Instalação de Acessórios e Mobiliário > Instalação/reparo de equipamentos (Suportes de TV, acessórios de banheiro e quadro branco)","Instalação de Acessórios e Mobiliário > Instalação/reparo de equipamentos (Suportes de TV, acessórios de banheiro e quadro branco)",0.43,Baixa,Supervisionado_LSTM_baixa_conf,Processado
2026-07-23T17:55:04.000Z,13998,Fixação da papeleira na cantina,"Instalação de Acessórios e Mobiliário > Instalação/reparo de equipamentos (Suportes de TV, acessórios de banheiro e quadro branco)",Estrutura Predial > Alvenaria / Pisos / Estrutura,0.73,Baixa,Supervisionado_LSTM_baixa_conf,Processado
2026-07-23T17:55:04.000Z,13999,Iluminação com defeito,Elétrica > Iluminação,Elétrica > Iluminação,0.8,Média,Supervisionado_LSTM_baixa_conf,Processado
2026-07-23T17:55:05.000Z,14000,Porta da biblioteca,"Estrutura Predial > Esquadrias, porta, portão e janelas","Estrutura Predial > Esquadrias, porta, portão e janelas",0.64,Baixa,Supervisionado_LSTM_baixa_conf,Processado
2026-07-23T17:55:06.000Z,14001,Manutenção Preventiva/Inspeção Semestral de Quadros de Energia do Painel Fotovoltaico  - Campus CJA,Manutenção Preventiva > Quadros Elétricos,Manutenção Preventiva > Quadros Elétricos,0.97,Baixa,Supervisionado_LSTM,Processado
2026-07-23T17:55:06.000Z,14002,Manutenção Preventiva/Inspeção Semestral de Quadros de Energia do Painel Fotovoltaico  - Campus Paulo Freire,Manutenção Preventiva > Quadros Elétricos,Manutenção Preventiva > Quadros Elétricos,0.97,Baixa,Supervisionado_LSTM,Processado
2026-07-23T17:55:07.000Z,14003,Janela travada e com risco de queda,"Estrutura Predial > Esquadrias, porta, portão e janelas","Estrutura Predial > Esquadrias, porta, portão e janelas",0.8,Alta,Supervisionado_LSTM_baixa_conf,Processado
2026-07-23T18:11:32.000Z,14004,URGÊNCIA - Janela com vidro solto (Risco de acidente),"Estrutura Predial > Esquadrias, porta, portão e janelas","Estrutura Predial > Esquadrias, porta, portão e janelas",0.77,Baixa,Supervisionado_LSTM_baixa_conf,Processado
2026-07-23T18:11:34.000Z,14005,Lâmpada queimada,Elétrica > Iluminação,Elétrica > Iluminação,0.96,Baixa,Supervisionado_LSTM,Processado
2026-07-23T18:11:35.000Z,14006,Substituição de tubulação,Hidrossanitária > Hidráulica,Hidrossanitária > Hidráulica,0.18,Média,Supervisionado_LSTM_baixa_conf,Processado
2026-07-23T18:31:40.000Z,14007,Conserto porta de armário,"Estrutura Predial > Esquadrias, porta, portão e janelas","Estrutura Predial > Esquadrias, porta, portão e janelas",0.7,Baixa,Supervisionado_LSTM_baixa_conf,Processado
2026-07-24T16:48:31.000Z,14008,Calhas do LECOMAR com vazamento e possível entupimento por folhas,"Estrutura Predial > Telhados, calhas, rufos, etc.","Estrutura Predial > Telhados, calhas, rufos, etc.",0.36,Baixa,Supervisionado_LSTM_baixa_conf,Processado
2026-07-24T16:48:31.000Z,14009,Poda de árvore na sobre escada próxima ao LECOMAR,Área Externa e Ambiental > Manutenção área externa / meio ambiente,Área Externa e Ambiental > Manutenção área externa / meio ambiente,0.23,Baixa,Supervisionado_LSTM_baixa_conf,Processado
2026-07-24T16:48:33.000Z,14010,Ar Condicionado - possível fuga de refrigerante,Climatização > Ar condicionado split,Climatização > Ar condicionado split,0.27,Baixa,Supervisionado_LSTM_baixa_conf,Processado
2026-07-25T16:02:25.000Z,14011,queda de forro,Estrutura Predial > Forro,Estrutura Predial > Forro,0.24,Alta,Supervisionado_LSTM_baixa_conf,Processado
2026-07-27T03:59:26.000Z,14012,Manutenção Preventiva Semestral - Gerador 170 kVA - CSC,Manutenção Preventiva > Gerador,Manutenção Preventiva > Gerador,0.96,Baixa,Supervisionado_LSTM,Processado
2026-07-27T03:59:26.000Z,14013,Manutenção Preventiva Semestral - Gerador 55 kVA - CPF,Manutenção Preventiva > Gerador,Manutenção Preventiva > Gerador,0.99,Baixa,Supervisionado_LSTM,Processado
2026-07-27T03:59:28.000Z,14014,Manutenção Preventiva Semestral - Gerador 155 kVA - CSC,Manutenção Preventiva > Gerador,Manutenção Preventiva > Gerador,0.98,Baixa,Supervisionado_LSTM,Processado
2026-07-27T14:06:37.000Z,14015,Substituição de fechadura do banheiro masculino do Lab NEA,"Estrutura Predial > Esquadrias, porta, portão e janelas","Estrutura Predial > Esquadrias, porta, portão e janelas",0.45,Média,Supervisionado_LSTM_baixa_conf,Processado
2026-07-27T14:24:31.000Z,14016,Instalação de TV e quadro na sala C 105 do Núcleo Pedagógico,"Instalação de Acessórios e Mobiliário > Instalação/reparo de equipamentos (Suportes de TV, acessórios de banheiro e quadro branco)",Estrutura Predial > Alvenaria / Pisos / Estrutura,0.73,Baixa,Supervisionado_LSTM_baixa_conf,Processado
2026-07-27T20:11:05.000Z,14017,Instalação de TV e quadro na sala C 105 do Núcleo Pedagógico,"Instalação de Acessórios e Mobiliário > Instalação/reparo de equipamentos (Suportes de TV, acessórios de banheiro e quadro branco)",Estrutura Predial > Alvenaria / Pisos / Estrutura,0.8,Baixa,Supervisionado_LSTM_baixa_conf,Processado
2026-07-28T16:03:42.000Z,14018,Troca de lâmpadas,Elétrica > Iluminação,Elétrica > Iluminação,0.88,Baixa,Supervisionado_LSTM_baixa_conf,Processado
2026-07-29T00:38:15.000Z,14019,"Troca de lâmpadas | Bom dia!!
Solicito a troca de lâmpadas da CEAME.
grata!",Elétrica > Iluminação,Elétrica > Iluminação,0.97,Baixa,Supervisionado_LSTM,Processado
2026-07-29T00:38:15.000Z,14020,DESMONTAGEM/MONTAGEM DE CABINES DE ESTUDO INDIVIDUAL,"Instalação de Acessórios e Mobiliário > Instalação/reparo de equipamentos (Suportes de TV, acessórios de banheiro e quadro branco)","Instalação de Acessórios e Mobiliário > Instalação/reparo de equipamentos (Suportes de TV, acessórios de banheiro e quadro branco)",0.29,Baixa,Supervisionado_LSTM_baixa_conf,Processado
2026-07-29T00:55:26.000Z,14021,"Iluminação com defeito | Prezados, boa tarde.
Solicito a verificação das lâmpadas que não estão acendendo nos laboratóri",Elétrica > Iluminação,Elétrica > Iluminação,1,Média,Supervisionado_LSTM,Processado
2026-07-29T00:55:26.000Z,14022,"Porta da biblioteca | Boa tarde
A porta da entrada principal da biblioteca do CSC (Porto) está fazendo barulho estranho.","Estrutura Predial > Esquadrias, porta, portão e janelas","Estrutura Predial > Esquadrias, porta, portão e janelas",0.97,Baixa,Supervisionado_LSTM,Processado
2026-07-29T00:55:28.000Z,14023,Manutenção Preventiva/Inspeção Semestral de Quadros de Energia do Painel Fotovoltaico  - Campus CJA | Solicito manutençã,Manutenção Preventiva > Quadros Elétricos,Manutenção Preventiva > Quadros Elétricos,1,Baixa,Supervisionado_LSTM,Processado
2026-07-29T00:55:30.000Z,14024,Manutenção Preventiva/Inspeção Semestral de Quadros de Energia do Painel Fotovoltaico  - Campus Paulo Freire | Solicito ,Manutenção Preventiva > Quadros Elétricos,Manutenção Preventiva > Quadros Elétricos,1,Baixa,Supervisionado_LSTM,Processado
2026-07-29T00:55:32.000Z,14025,"Janela travada e com risco de queda | Vidro da janela está travada e com risco de queda
Local: Copa dos Alunos","Estrutura Predial > Esquadrias, porta, portão e janelas","Estrutura Predial > Esquadrias, porta, portão e janelas",0.94,Alta,Supervisionado_LSTM_baixa_conf,Processado
2026-07-29T00:55:34.000Z,14026,"URGÊNCIA - Janela com vidro solto (Risco de acidente) | Janela com vidro solto (Risco de acidente)
Local: Banheiro Mascu","Estrutura Predial > Esquadrias, porta, portão e janelas","Estrutura Predial > Esquadrias, porta, portão e janelas",0.95,Baixa,Supervisionado_LSTM,Processado
2026-07-29T00:55:36.000Z,14027,"Lâmpada queimada | Prezados, na sala da Progepe estamos com uma lâmpada queimada, conforme a imagem que está em anexo.",Elétrica > Iluminação,Elétrica > Iluminação,1,Baixa,Supervisionado_LSTM,Processado
2026-07-29T00:55:39.000Z,14028,"Substituição de tubulação | Prezados, boa tarde!
Durante a limpeza da área externa do Complexo II, houve o rompimento de",Hidrossanitária > Hidráulica,Hidrossanitária > Hidráulica,0.94,Média,Supervisionado_LSTM_baixa_conf,Processado
2026-07-29T00:55:41.000Z,14029,"Conserto porta de armário | Prezados
Solicito conserto da dobradiça da porta do armário n. 29, localizado no Laboratório","Estrutura Predial > Esquadrias, porta, portão e janelas","Estrutura Predial > Esquadrias, porta, portão e janelas",0.94,Baixa,Supervisionado_LSTM_baixa_conf,Processado
2026-07-29T00:55:43.000Z,14030,"Calhas do LECOMAR com vazamento e possível entupimento por folhas | Solicito revisão e limpeza das calhas do LECOMAR, ne","Estrutura Predial > Telhados, calhas, rufos, etc.","Estrutura Predial > Telhados, calhas, rufos, etc.",0.6,Média,Supervisionado_LSTM_baixa_conf,Processado
2026-07-29T00:55:44.000Z,14031,Poda de árvore na sobre escada próxima ao LECOMAR | Solicito a poda corretiva de uma árvore que fica na escada que da ac,Área Externa e Ambiental > Manutenção área externa / meio ambiente / Poda de árvore / Roçagem,Estrutura Predial > Alvenaria / Pisos / Estrutura,0.72,Média,Supervisionado_LSTM_baixa_conf,Processado
2026-07-29T00:55:46.000Z,14032,"Ar Condicionado - possível fuga de refrigerante | Bom dia!
Hoje de manhã o ar condicionado do Herbário, localizado anexo",Climatização > Ar condicionado split,Climatização > Ar condicionado split,0.1,Baixa,Supervisionado_LSTM_baixa_conf,Processado
2026-07-29T00:55:48.000Z,14033,queda de forro | solicito reparo do forro da biblioteca CSC que caou em diversos pontos do prédio,Estrutura Predial > Forro,Estrutura Predial > Forro,0.6,Alta,Supervisionado_LSTM_baixa_conf,Processado
2026-07-29T00:55:51.000Z,14034,Manutenção Preventiva Semestral - Gerador 170 kVA - CSC | Solicito manutenção preventiva do gerador conforme arquivo em ,Manutenção Preventiva > Gerador,Manutenção Preventiva > Gerador,1,Baixa,Supervisionado_LSTM,Processado
2026-07-29T00:55:53.000Z,14035,Manutenção Preventiva Semestral - Gerador 55 kVA - CPF | Solicito manutenção preventiva do gerador conforme arquivo em a,Manutenção Preventiva > Gerador,Manutenção Preventiva > Gerador,1,Baixa,Supervisionado_LSTM,Processado
2026-07-29T01:06:21.000Z,14036,Manutenção Preventiva Semestral - Gerador 155 kVA - CSC | Solicito manutenção preventiva do gerador conforme arquivo em ,Manutenção Preventiva > Gerador,Manutenção Preventiva > Gerador,1,Baixa,Supervisionado_LSTM,Processado
2026-07-29T01:06:22.000Z,14037,Substituição de fechadura do banheiro masculino do Lab NEA | A chave da fechadura do banheiro masculino do Laboratório d,"Estrutura Predial > Esquadrias, porta, portão e janelas","Estrutura Predial > Esquadrias, porta, portão e janelas",0.96,Média,Supervisionado_LSTM,Processado
2026-07-29T01:06:24.000Z,14038,"Instalação de TV e quadro na sala C 105 do Núcleo Pedagógico | Prezados,
Com a abertura da nova Sala C 105 do Núcleo Ped","Instalação de Acessórios e Mobiliário > Instalação/reparo de equipamentos (Suportes de TV, acessórios de banheiro e quadro branco)","Instalação de Acessórios e Mobiliário > Instalação/reparo de equipamentos (Suportes de TV, acessórios de banheiro e quadro branco)",0.53,Baixa,Supervisionado_LSTM_baixa_conf,Processado
2026-07-29T01:06:26.000Z,14039,"Troca de lâmpadas | Bom dia!!
Solicito a troca de lâmpadas da CEAME.
grata!",Elétrica > Iluminação,Elétrica > Iluminação,0.99,Baixa,Supervisionado_LSTM,Processado
2026-07-29T01:06:28.000Z,14040,"DESMONTAGEM/MONTAGEM DE CABINES DE ESTUDO INDIVIDUAL | Prezados, com a necessidade de desocupação do espaço físico para ","Instalação de Acessórios e Mobiliário > Instalação/reparo de equipamentos (Suportes de TV, acessórios de banheiro e quadro branco)","Instalação de Acessórios e Mobiliário > Instalação/reparo de equipamentos (Suportes de TV, acessórios de banheiro e quadro branco)",0.5,Baixa,Supervisionado_LSTM_baixa_conf,Processado
2026-07-29T23:20:51.000Z,14041,"DESMONTAGEM/MONTAGEM DE CABINES DE ESTUDO INDIVIDUAL | Prezados, com a necessidade de desocupação do espaço físico para ","Instalação de Acessórios e Mobiliário > Instalação/reparo de equipamentos (Suportes de TV, acessórios de banheiro e quadro branco)",Estrutura Predial > Alvenaria / Pisos / Estrutura,0.84,Baixa,Supervisionado_LSTM_baixa_conf,Processado
2026-07-29T23:20:51.000Z,14042,Preenchimento de revestimento na parede,Estrutura Predial > Alvenaria / Pisos / Estrutura,Estrutura Predial > Alvenaria / Pisos / Estrutura,0.56,Baixa,Supervisionado_LSTM_baixa_conf,Processado
2026-07-29T23:20:52.000Z,14043,Torneira vazando água (trava de fechamento não funciona),Hidrossanitária > Hidráulica,Hidrossanitária > Hidráulica,0.97,Baixa,Supervisionado_LSTM,Processado
2026-07-29T23:20:53.000Z,14044,"Prezados, bom dia.  Poderia por favor a instalação de porta papel toal","Instalação de Acessórios e Mobiliário > Instalação/reparo de equipamentos (Suportes de TV, acessórios de banheiro e quadro branco)",Estrutura Predial > Alvenaria / Pisos / Estrutura,0.76,Baixa,Supervisionado_LSTM_baixa_conf,Processado
2026-07-29T23:20:54.000Z,14045,Instalação de ar-condicionado | Instalação de ar-condicionado | Instalação de ar-condicionado,Climatização > Ar condicionado central,Climatização > Ar condicionado central,0.62,Baixa,Supervisionado_LSTM_baixa_conf,Processado
2026-07-29T23:20:54.000Z,14046,Instalação de televisão e quadro branco,"Instalação de Acessórios e Mobiliário > Instalação/reparo de equipamentos (Suportes de TV, acessórios de banheiro e quadro branco)",Estrutura Predial > Alvenaria / Pisos / Estrutura,0.78,Baixa,Supervisionado_LSTM_baixa_conf,Processado
2026-07-29T23:20:55.000Z,14047,Reparos nas Luminárias dos Portes das Areas externas do Campus CSC,Elétrica > Iluminação,Elétrica > Iluminação,0.45,Média,Supervisionado_LSTM_baixa_conf,Processado
2026-07-30T14:04:31.000Z,14048,Ponto elétrico,Elétrica > Instalações elétricas,Elétrica > Instalações elétricas,0.48,Baixa,Supervisionado_LSTM_baixa_conf,Processado
2026-07-30T20:43:46.000Z,14049,Ponto de energia,Elétrica > Instalações elétricas,Elétrica > Instalações elétricas,0.5,Baixa,Supervisionado_LSTM_baixa_conf,Processado
2026-07-30T20:43:47.000Z,14050,Troca de filtros de linha e estabilizadores por nobreaks,Elétrica > Nobreak,Elétrica > Nobreak,0.23,Baixa,Supervisionado_LSTM_baixa_conf,Processado
2026-07-30T20:43:48.000Z,14051,Recolha de residos de resto de Serviço,Área Externa e Ambiental > Manutenção área externa / meio ambiente / Poda de árvore / Roçagem,Área Externa e Ambiental > Manutenção área externa / meio ambiente / Poda de árvore / Roçagem,0.27,Baixa,Supervisionado_LSTM_baixa_conf,Processado
2026-07-30T20:43:50.000Z,14052,Reparo em Buero de drenagem de água pluvial,Área Externa e Ambiental > Drenagem,Área Externa e Ambiental > Drenagem,0.47,Média,Supervisionado_LSTM_baixa_conf,Processado
2026-07-30T20:43:52.000Z,14053,Reparo em tampa de caixa de passagem,Área Externa e Ambiental > Manutenção área externa / meio ambiente / Poda de árvore / Roçagem,Estrutura Predial > Alvenaria / Pisos / Estrutura,0.72,Média,Supervisionado_LSTM_baixa_conf,Processado
2026-07-30T20:43:53.000Z,14054,Reparo em caixa hidraulica e entorno,Área Externa e Ambiental > Manutenção área externa / meio ambiente / Poda de árvore / Roçagem,Área Externa e Ambiental > Manutenção área externa / meio ambiente / Poda de árvore / Roçagem,0.49,Média,Supervisionado_LSTM_baixa_conf,Processado
2026-07-30T20:43:55.000Z,14055,Verificação de criação da conta Google Workspace for Education (GFE),TI / Dados / Rede > Ponto de rede / fibra ótica / Wi-fi,TI / Dados / Rede > Ponto de rede / fibra ótica / Wi-fi,0.17,Baixa,Supervisionado_LSTM_baixa_conf,Processado
2026-07-30T20:43:56.000Z,14056,Solicitação de manutenção para reestabelecimento de iluminação da área,Elétrica > Iluminação,Elétrica > Iluminação,0.85,Baixa,Supervisionado_LSTM_baixa_conf,Processado
2026-08-01T01:45:48.000Z,14057,Solicitação pintura e consertos,Estrutura Predial > Alvenaria / Pisos / Estrutura,Estrutura Predial > Alvenaria / Pisos / Estrutura,0.3,Baixa,Supervisionado_LSTM_baixa_conf,Processado
2026-08-01T01:45:49.000Z,14058,"Porta não fecha, dobradiça ou parafuso torto","Estrutura Predial > Esquadrias, porta, portão e janelas","Estrutura Predial > Esquadrias, porta, portão e janelas",0.86,Baixa,Supervisionado_LSTM_baixa_conf,Processado
2026-08-01T01:45:50.000Z,14059,Instalar ponto elétrico,Elétrica > Instalações elétricas,Elétrica > Instalações elétricas,0.5,Baixa,Supervisionado_LSTM_baixa_conf,Processado
2026-08-02T18:04:03.000Z,14060,"Solicitação de correção de acesso à página da Coordenação do BIH e envio de mensagensPrezados colegas, boa tarde.  Infel",TI / Dados / Rede > Ponto de rede / fibra ótica / Wi-fi,TI / Dados / Rede > Ponto de rede / fibra ótica / Wi-fi,0.36,Baixa,Supervisionado_LSTM_baixa_conf,Processado
2026-08-03T03:34:57.000Z,14061,Manutenção Preventiva Mensal - Ar condicionado - Reitoria,Manutenção Preventiva > Ar condicionado split,Manutenção Preventiva > Ar condicionado split,0.96,Baixa,Supervisionado_LSTM,Processado
2026-08-03T19:34:46.000Z,14062,Substituição de projetor do suporte no teto,"Instalação de Acessórios e Mobiliário > Instalação/reparo de equipamentos (Suportes de TV, acessórios de banheiro e quadro branco)","Instalação de Acessórios e Mobiliário > Instalação/reparo de equipamentos (Suportes de TV, acessórios de banheiro e quadro branco)",0.23,Média,Supervisionado_LSTM_baixa_conf,Processado
2026-08-03T19:34:47.000Z,14063,Consertar ou Substituir Torneira,Hidrossanitária > Hidráulica,Hidrossanitária > Hidráulica,0.83,Baixa,Supervisionado_LSTM_baixa_conf,Processado
2026-08-03T19:34:47.000Z,14064,Solicitação de manutenção preventiva e corretiva – PROPPG,Estrutura Predial > Forro,Estrutura Predial > Forro,0.09,Média,Supervisionado_LSTM_baixa_conf,Processado
2026-08-03T19:34:48.000Z,14065,O email institucional da BAP (bapproaf@ufsb.edu.br) está com problema,TI / Dados / Rede > Ponto de rede / fibra ótica / Wi-fi,TI / Dados / Rede > Ponto de rede / fibra ótica / Wi-fi,0.46,Baixa,Supervisionado_LSTM_baixa_conf,Processado
2026-08-03T19:34:48.000Z,14066,Manutenção em ar-condicionado do Laboratório de Pedologia e Mecânica de Solos,Climatização > Ar condicionado split,Climatização > Ar condicionado split,0.43,Baixa,Supervisionado_LSTM_baixa_conf,Processado
2026-08-03T19:34:49.000Z,14067,Avaliação de mesa de reunião / tutoria,"Instalação de Acessórios e Mobiliário > Instalação/reparo de equipamentos (Suportes de TV, acessórios de banheiro e quadro branco)","Instalação de Acessórios e Mobiliário > Instalação/reparo de equipamentos (Suportes de TV, acessórios de banheiro e quadro branco)",0.2,Baixa,Supervisionado_LSTM_baixa_conf,Processado
2026-08-03T19:34:49.000Z,14068,Ar-condicionado CEAME,Climatização > Ar condicionado split,Climatização > Ar condicionado split,0.15,Baixa,Supervisionado_LSTM_baixa_conf,Processado
2026-08-03T19:34:52.000Z,14069,SIGAA,TI / Dados / Rede > Ponto de rede / fibra ótica / Wi-fi,TI / Dados / Rede > Ponto de rede / fibra ótica / Wi-fi,0.29,Baixa,Supervisionado_LSTM_baixa_conf,Processado
2026-08-03T19:34:52.000Z,14070,Descarga vazando,Hidrossanitária > Hidráulica,Hidrossanitária > Hidráulica,0.86,Baixa,Supervisionado_LSTM_baixa_conf,Processado
2026-08-03T19:34:53.000Z,14071,Banheiro,"Instalação de Acessórios e Mobiliário > Instalação/reparo de equipamentos (Suportes de TV, acessórios de banheiro e quadro branco)","Instalação de Acessórios e Mobiliário > Instalação/reparo de equipamentos (Suportes de TV, acessórios de banheiro e quadro branco)",0.26,Baixa,Supervisionado_LSTM_baixa_conf,Processado
2026-08-03T19:34:54.000Z,14072,Solicitação de Vedação de Aberturas no Depósito 02,Estrutura Predial > Alvenaria / Pisos / Estrutura,Estrutura Predial > Alvenaria / Pisos / Estrutura,0.32,Baixa,Supervisionado_LSTM_baixa_conf,Processado
2026-08-03T21:50:32.000Z,14073,Instalar ponto elétrico,Elétrica > Instalações elétricas,Elétrica > Instalações elétricas,0.66,Baixa,Supervisionado_LSTM_baixa_conf,Processado
2026-08-03T22:50:09.000Z,14074,Solicitação ao Setor de Patrimônio,"Instalação de Acessórios e Mobiliário > Instalação/reparo de equipamentos (Suportes de TV, acessórios de banheiro e quadro branco)","Instalação de Acessórios e Mobiliário > Instalação/reparo de equipamentos (Suportes de TV, acessórios de banheiro e quadro branco)",0.2,Baixa,Supervisionado_LSTM_baixa_conf,Processado
2026-08-04T02:19:26.000Z,14075,Manutenção Preventiva Mensal - Ar condicionado Central - CSC,Manutenção Preventiva > Ar condicionado central,Manutenção Preventiva > Ar condicionado central,0.58,Baixa,Supervisionado_LSTM_baixa_conf,Processado
2026-08-04T02:19:27.000Z,14076,Manutenção Preventiva Mensal - Ar Condicionado Central - CSC - Tratamento Químico Mensal da Água de Condensação,Manutenção Preventiva > Ar condicionado central,Manutenção Preventiva > Ar condicionado central,0.31,Baixa,Supervisionado_LSTM_baixa_conf,Processado
2026-08-04T17:13:07.000Z,14077,Manutenção e reativação do elevador,Equipamentos de Transporte > Elevador,Equipamentos de Transporte > Elevador,0.12,Baixa,Supervisionado_LSTM_baixa_conf,Processado
2026-08-04T17:13:08.000Z,14078,Reparo em bomba | Reparo em bomba; Complementar de reparo em bomba | Reparo em bomba; Complementar de reparo em bomba,Hidrossanitária > Bomba,Hidrossanitária > Bomba,0.11,Média,Supervisionado_LSTM_baixa_conf,Processado
2026-08-04T17:13:09.000Z,14079,Vazamento de água na pia,Hidrossanitária > Hidráulica,Hidrossanitária > Hidráulica,0.83,Baixa,Supervisionado_LSTM_baixa_conf,Processado
2026-08-04T17:34:41.000Z,14080,Lâmpada queimada,Elétrica > Iluminação,Elétrica > Iluminação,0.99,Baixa,Supervisionado_LSTM,Processado
2026-08-04T17:50:38.000Z,14081,Infiltração no Lab. de Microbiologia e Lab. de Biologia Molecular,Estrutura Predial > Infiltração,Estrutura Predial > Infiltração,0.64,Baixa,Supervisionado_LSTM_baixa_conf,Processado
2026-08-04T18:05:17.000Z,14082,"Prezados,  Gostaria de solicitar a instalação de um ponto de rede na D",TI / Dados / Rede > Ponto de rede / fibra ótica / Wi-fi,TI / Dados / Rede > Ponto de rede / fibra ótica / Wi-fi,0.73,Baixa,Supervisionado_LSTM_baixa_conf,Processado
2026-08-04T20:04:40.000Z,14083,Troca de registro e valvula de retenção da rede de esgoto,Manutenção Preventiva > Esgoto,Manutenção Preventiva > Esgoto,0.29,Baixa,Supervisionado_LSTM_baixa_conf,Processado
2026-08-05T02:34:54.000Z,14084,Manutenção Preventiva Bimensal - Quadros Elétricos de BT - Reitoria,Manutenção Preventiva > Quadros Elétricos,Manutenção Preventiva > Quadros Elétricos,1,Baixa,Supervisionado_LSTM,Processado
2026-08-05T03:20:25.000Z,14085,Manutenção Preventiva Mensal - Ar condicionado - CJA - Laboratório CEPLAC,Manutenção Preventiva > Ar condicionado split,Manutenção Preventiva > Ar condicionado split,0.99,Baixa,Supervisionado_LSTM,Processado
2026-08-05T03:20:25.000Z,14086,Manutenção Preventiva Mensal - Ar condicionado - CJA - NUPED,Manutenção Preventiva > Ar condicionado split,Manutenção Preventiva > Ar condicionado split,0.94,Baixa,Supervisionado_LSTM_baixa_conf,Processado
2026-08-05T03:20:26.000Z,14087,Manutenção Preventiva Mensal - Ar condicionado - CJA - NVGA,Manutenção Preventiva > Ar condicionado split,Manutenção Preventiva > Ar condicionado split,0.99,Baixa,Supervisionado_LSTM,Processado
2026-08-05T03:20:29.000Z,14088,Manutenção Preventiva Mensal - Ar condicionado - CJA - Auditório CEPLAC,Manutenção Preventiva > Ar condicionado split,Manutenção Preventiva > Ar condicionado split,1,Baixa,Supervisionado_LSTM,Processado
2026-08-05T03:20:29.000Z,14089,Manutenção Preventiva Mensal - Ar condicionado - CPF - Bloco Administrativo,Manutenção Preventiva > Ar condicionado split,Manutenção Preventiva > Ar condicionado split,1,Baixa,Supervisionado_LSTM,Processado
2026-08-05T03:20:30.000Z,14090,Manutenção Preventiva Mensal - Ar condicionado - CPF - Bloco de Aulas 1,Manutenção Preventiva > Ar condicionado split,Manutenção Preventiva > Ar condicionado split,1,Baixa,Supervisionado_LSTM,Processado
2026-08-05T03:20:30.000Z,14091,Manutenção Preventiva Mensal - Ar condicionado - CPF - Bloco de Aulas 2,Manutenção Preventiva > Ar condicionado split,Manutenção Preventiva > Ar condicionado split,1,Baixa,Supervisionado_LSTM,Processado
2026-08-05T03:20:31.000Z,14092,Manutenção Preventiva Mensal - Ar condicionado - CPF - Laboratório 1° Ciclo CFCS,Manutenção Preventiva > Ar condicionado split,Manutenção Preventiva > Ar condicionado split,1,Baixa,Supervisionado_LSTM,Processado
2026-08-05T03:20:33.000Z,14093,Manutenção Preventiva Mensal - Ar condicionado - CPF - Pavilhão Anexo de Aulas,Manutenção Preventiva > Ar condicionado split,Manutenção Preventiva > Ar condicionado split,1,Baixa,Supervisionado_LSTM,Processado
2026-08-05T03:20:33.000Z,14094,Manutenção Preventiva Mensal - Ar condicionado - CSC - Pavilhão Administrativo,Manutenção Preventiva > Ar condicionado split,Manutenção Preventiva > Ar condicionado split,0.99,Baixa,Supervisionado_LSTM,Processado
2026-08-05T03:20:34.000Z,14095,Manutenção Preventiva Mensal - Ar condicionado - CSC - Bloco de Serviços,Manutenção Preventiva > Ar condicionado split,Manutenção Preventiva > Ar condicionado split,1,Baixa,Supervisionado_LSTM,Processado
2026-08-05T03:20:34.000Z,14096,Manutenção Preventiva Mensal - Ar condicionado - CSC - Espaço de Leitura,Manutenção Preventiva > Ar condicionado split,Manutenção Preventiva > Ar condicionado split,1,Baixa,Supervisionado_LSTM,Processado
2026-08-05T03:20:35.000Z,14097,Manutenção Preventiva Mensal - Ar condicionado - CSC - Laboratórios,Manutenção Preventiva > Ar condicionado split,Manutenção Preventiva > Ar condicionado split,0.97,Baixa,Supervisionado_LSTM,Processado
2026-08-05T03:20:35.000Z,14098,Manutenção Preventiva Mensal - Ar condicionado - CSC - Pavilhão de Convenções,Manutenção Preventiva > Ar condicionado split,Manutenção Preventiva > Ar condicionado split,1,Baixa,Supervisionado_LSTM,Processado
2026-08-05T03:20:36.000Z,14099,Manutenção Preventiva Mensal - Ar condicionado - CSC - Pavilhão de Feiras,Manutenção Preventiva > Ar condicionado split,Manutenção Preventiva > Ar condicionado split,0.99,Baixa,Supervisionado_LSTM,Processado
2026-08-05T03:34:35.000Z,14100,Manutenção Preventiva Mensal - Ar Condicionado - CSC - Pórtico,Manutenção Preventiva > Ar condicionado split,Manutenção Preventiva > Ar condicionado split,0.99,Baixa,Supervisionado_LSTM,Processado
2026-08-05T03:34:36.000Z,14101,Manutenção Preventiva Mensal - Ar condicionado - CPF - Laboratório de Habilidades,Manutenção Preventiva > Ar condicionado split,Manutenção Preventiva > Ar condicionado split,0.99,Baixa,Supervisionado_LSTM,Processado
2026-08-05T03:34:38.000Z,14102,Manutenção Preventiva Mensal - Ar condicionado - CSC - LABMOL,Manutenção Preventiva > Ar condicionado split,Manutenção Preventiva > Ar condicionado split,0.99,Baixa,Supervisionado_LSTM,Processado
2026-08-05T03:34:40.000Z,14103,Manutenção Preventiva Mensal - Ar condicionado - CPF - Clínica escola de Psicologia,Manutenção Preventiva > Ar condicionado split,Manutenção Preventiva > Ar condicionado split,1,Baixa,Supervisionado_LSTM,Processado
2026-08-05T03:34:42.000Z,14104,Manutenção Preventiva Mensal - Ar condicionado - CPF - Salas de Tutoria,Manutenção Preventiva > Ar condicionado split,Manutenção Preventiva > Ar condicionado split,1,Baixa,Supervisionado_LSTM,Processado
2026-08-05T03:34:42.000Z,14105,Manutenção preventiva mensal do elevador da Reitoria,Manutenção Preventiva > Elevador,Manutenção Preventiva > Elevador,0.55,Baixa,Supervisionado_LSTM_baixa_conf,Processado
2026-08-05T03:34:44.000Z,14106,Manutenção preventiva mensal dos elevadores do Núcleo Pedagógico do Campus Paulo Freire,Manutenção Preventiva > Elevador,Manutenção Preventiva > Elevador,0.66,Baixa,Supervisionado_LSTM_baixa_conf,Processado
2026-08-05T03:34:44.000Z,14107,Manutenção preventiva mensal dos elevadores do Núcleo Pedagógico do Campus Jorge Amado,Manutenção Preventiva > Elevador,Manutenção Preventiva > Elevador,0.69,Baixa,Supervisionado_LSTM_baixa_conf,Processado
2026-08-05T13:27:57.000Z,14108,Google for education,TI / Dados / Rede > Ponto de rede / fibra ótica / Wi-fi,TI / Dados / Rede > Ponto de rede / fibra ótica / Wi-fi,0.23,Baixa,Supervisionado_LSTM_baixa_conf,Processado
2026-08-05T14:50:28.000Z,14109,Reinstalar Suporte para Álcool em gel,"Instalação de Acessórios e Mobiliário > Instalação/reparo de equipamentos (Suportes de TV, acessórios de banheiro e quadro branco)",Estrutura Predial > Alvenaria / Pisos / Estrutura,0.82,Baixa,Supervisionado_LSTM_baixa_conf,Processado
2026-08-06T13:04:46.000Z,14110,Ponto de rede na cantina - para internet,Elétrica > Instalações elétricas,TI / Dados / Rede > Ponto de rede / fibra ótica / Wi-fi,0.84,Baixa,Supervisionado_LSTM_baixa_conf,Processado
2026-08-06T13:04:46.000Z,14111,Limpeza do Sistema de Aquicultura,Área Externa e Ambiental > Manutenção área externa / meio ambiente / Poda de árvore / Roçagem,Área Externa e Ambiental > Manutenção área externa / meio ambiente / Poda de árvore / Roçagem,0.15,Baixa,Supervisionado_LSTM_baixa_conf,Processado
2026-08-06T19:06:02.000Z,14112,"Prezados/as,  Boa tarde! Solicito roçagem da área do Meliponário, vamo",Área Externa e Ambiental > Manutenção área externa / meio ambiente / Poda de árvore / Roçagem,Área Externa e Ambiental > Manutenção área externa / meio ambiente / Poda de árvore / Roçagem,0.65,Baixa,Supervisionado_LSTM_baixa_conf,Processado
2026-08-06T19:20:43.000Z,14113,Solicitação de Instalação de reparo na grade do Meliponário e instalação de porta no viveiro,Área Externa e Ambiental > Manutenção área externa / meio ambiente / Poda de árvore / Roçagem,Área Externa e Ambiental > Manutenção área externa / meio ambiente / Poda de árvore / Roçagem,0.46,Média,Supervisionado_LSTM_baixa_conf,Processado
2026-08-07T13:08:34.000Z,14114,Vazamento de água no ar condicionado,Climatização > Ar condicionado split,Climatização > Ar condicionado split,0.6,Baixa,Supervisionado_LSTM_baixa_conf,Processado
2026-08-10T17:08:21.000Z,14115,Ar Condicionado vazando,Climatização > Ar condicionado split,Climatização > Ar condicionado split,0.97,Baixa,Supervisionado_LSTM,Processado
2026-08-10T17:08:23.000Z,14116,Necessidade de ter acesso ao SIGAA,TI / Dados / Rede > Ponto de rede / fibra ótica / Wi-fi,TI / Dados / Rede > Ponto de rede / fibra ótica / Wi-fi,0.5,Baixa,Supervisionado_LSTM_baixa_conf,Processado
2026-08-10T17:08:23.000Z,14117,Solicitação de instalação de quadro Branco,"Instalação de Acessórios e Mobiliário > Instalação/reparo de equipamentos (Suportes de TV, acessórios de banheiro e quadro branco)","Instalação de Acessórios e Mobiliário > Instalação/reparo de equipamentos (Suportes de TV, acessórios de banheiro e quadro branco)",0.63,Baixa,Supervisionado_LSTM_baixa_conf,Processado
2026-08-10T18:07:20.000Z,14118,Tomandas sem funcionar,Elétrica > Instalações elétricas,Elétrica > Instalações elétricas,0.12,Baixa,Supervisionado_LSTM_baixa_conf,Processado
2026-08-10T20:07:29.000Z,14119,Solicitação de verificação da porta,Estrutura Predial > Alvenaria / Pisos / Estrutura,Estrutura Predial > Alvenaria / Pisos / Estrutura,0.5,Baixa,Supervisionado_LSTM_baixa_conf,Processado
2026-08-10T20:07:30.000Z,14120,Solicitação de manutenção do filtro,Estrutura Predial > Infiltração,Estrutura Predial > Infiltração,0.38,Baixa,Supervisionado_LSTM_baixa_conf,Processado
2026-08-10T20:07:31.000Z,14121,Solicitação de verificação do freezer -80°C,Elétrica > Instalações elétricas,Elétrica > Instalações elétricas,0.44,Baixa,Supervisionado_LSTM_baixa_conf,Processado
2026-08-11T23:25:50.000Z,14122,Solicitação de verificação do vaso sanitário,Estrutura Predial > Infiltração,Estrutura Predial > Infiltração,0.36,Baixa,Supervisionado_LSTM_baixa_conf,Processado
2026-08-11T23:25:51.000Z,14123,Instalação,"Estrutura Predial > Esquadrias, porta, portão e janelas","Estrutura Predial > Esquadrias, porta, portão e janelas",0.25,Baixa,Supervisionado_LSTM_baixa_conf,Processado
2026-08-11T23:25:53.000Z,14124,Adaptador VGA para HDMI,"Instalação de Acessórios e Mobiliário > Instalação/reparo de equipamentos (Suportes de TV, acessórios de banheiro e quadro branco)","Instalação de Acessórios e Mobiliário > Instalação/reparo de equipamentos (Suportes de TV, acessórios de banheiro e quadro branco)",0.41,Baixa,Supervisionado_LSTM_baixa_conf,Processado
2026-08-12T12:07:19.000Z,14125,Lâmpada queimada,Elétrica > Iluminação,Elétrica > Iluminação,0.95,Baixa,Supervisionado_LSTM,Processado
2026-08-12T12:51:46.000Z,14126,"Instalação de ar condicionado no Laboratório de Microbiologia, Imunologia, Parasitologia e Patologia",Climatização > Ar condicionado split,Climatização > Ar condicionado split,0.77,Baixa,Supervisionado_LSTM_baixa_conf,Processado
2026-08-12T12:51:47.000Z,14127,"Manutenção do ar condicionado do Laboratório de Microbiologia, Imunologia, Parasitologia e Patologia",Climatização > Ar condicionado split,Climatização > Ar condicionado split,0.96,Baixa,Supervisionado_LSTM,Processado
2026-08-12T13:22:23.000Z,14128,Verificar ponto de rede,TI / Dados / Rede > Ponto de rede / fibra ótica / Wi-fi,TI / Dados / Rede > Ponto de rede / fibra ótica / Wi-fi,0.81,Baixa,Supervisionado_LSTM_baixa_conf,Processado
2026-08-12T13:22:24.000Z,14129,Instalação de pontos,Estrutura Predial > Alvenaria / Pisos / Estrutura,Estrutura Predial > Alvenaria / Pisos / Estrutura,0.21,Baixa,Supervisionado_LSTM_baixa_conf,Processado
2026-08-12T13:52:27.000Z,14130,Compra de 20 kg Cloro para Estação de Tratamento de Água,Área Externa e Ambiental > Manutenção área externa / meio ambiente / Poda de árvore / Roçagem,Área Externa e Ambiental > Manutenção área externa / meio ambiente / Poda de árvore / Roçagem,0.14,Baixa,Supervisionado_LSTM_baixa_conf,Processado
2026-08-12T13:52:29.000Z,14131,"compra do KIT DE REAGENTE DE CLORO LIVRE Dpd 1 e Dpd 2, para 300 testes.",Área Externa e Ambiental > Manutenção área externa / meio ambiente / Poda de árvore / Roçagem,Área Externa e Ambiental > Manutenção área externa / meio ambiente / Poda de árvore / Roçagem,0.43,Baixa,Supervisionado_LSTM_baixa_conf,Processado
2026-08-12T13:52:29.000Z,14132,"Compra do KIT DE REAGENTE DE CLORO LIVRE Dpd 1 e Dpd 2, para 300 testes.",Área Externa e Ambiental > Manutenção área externa / meio ambiente / Poda de árvore / Roçagem,Área Externa e Ambiental > Manutenção área externa / meio ambiente / Poda de árvore / Roçagem,0.43,Baixa,Supervisionado_LSTM_baixa_conf,Processado
2026-08-13T23:12:36.000Z,14133,"Compra de 20 kg Cloro para Estação de Tratamento de Água | Bom dia,
Tudo bem?
Solicito a Compra de 20 kg Cloro para Esta",Área Externa e Ambiental > Manutenção área externa / meio ambiente / Poda de árvore / Roçagem,Área Externa e Ambiental > Manutenção área externa / meio ambiente / Poda de árvore / Roçagem,0.28,Baixa,Supervisionado_LSTM_baixa_conf,Processado
2026-08-13T23:12:37.000Z,14134,"compra do KIT DE REAGENTE DE CLORO LIVRE Dpd 1 e Dpd 2, para 300 testes. | Bom dia
tudo bem?
SOlicito a compra do KIT DE",Área Externa e Ambiental > Manutenção área externa / meio ambiente / Poda de árvore / Roçagem,Área Externa e Ambiental > Manutenção área externa / meio ambiente / Poda de árvore / Roçagem,0.53,Baixa,Supervisionado_LSTM_baixa_conf,Processado
2026-08-13T23:12:37.000Z,14135,"Compra do KIT DE REAGENTE DE CLORO LIVRE Dpd 1 e Dpd 2, para 300 testes. | Bom dia
tudo bem?
SOlicito a compra do KIT DE",Área Externa e Ambiental > Manutenção área externa / meio ambiente / Poda de árvore / Roçagem,Área Externa e Ambiental > Manutenção área externa / meio ambiente / Poda de árvore / Roçagem,0.53,Baixa,Supervisionado_LSTM_baixa_conf,Processado
2026-08-13T23:12:40.000Z,14136,"Sem acesso ao SIGAA | Prezado responsável,
Desde o último dia 10/agosto, estou com dificuldades para acessar o Portal SI",Outros > Erro de chamado,TI / Dados / Rede > Ponto de rede / fibra ótica / Wi-fi,0.72,Baixa,Supervisionado_LSTM_baixa_conf,Processado
2026-08-13T23:12:40.000Z,14137,Revisão do banheiro masculino próximo à área de serviço | O mictório está interditado e a descarga do vaso sanitário não,Hidrossanitária > Hidráulica,Hidrossanitária > Hidráulica,0.97,Baixa,Supervisionado_LSTM,Processado
2026-08-13T23:12:41.000Z,14138,"Fechadura da porta travada ou com defeito | Fechadura da porta travada ou com defeito
Local: VESTIÁRIO MASCULINO FUNCION","Estrutura Predial > Esquadrias, porta, portão e janelas","Estrutura Predial > Esquadrias, porta, portão e janelas",0.99,Média,Supervisionado_LSTM,Processado
2026-08-13T23:12:41.000Z,14139,"Desintupimento de pia | Bom dia prezados,
Por gentileza realizar o desentupimento da pia da sala de materiais de limpeza",Hidrossanitária > Hidráulica,Hidrossanitária > Hidráulica,0.95,Baixa,Supervisionado_LSTM,Processado
2026-08-13T23:12:42.000Z,14140,"Trocar cabo HDMI da Sala Barrolandia | Preciso realizar a troca do cabo HDMI do laboratório da sala barrolândia, por ser",Estrutura Predial > Forro,Estrutura Predial > Forro,0.5,Baixa,Supervisionado_LSTM_baixa_conf,Processado
2026-08-13T23:12:43.000Z,14141,Conta Gfe | Criar conta do google (gfe) institucional para servidora Patrícia do CSC (telefone: +55 75 9938-8703/ email:,TI / Dados / Rede > Ponto de rede / fibra ótica / Wi-fi,TI / Dados / Rede > Ponto de rede / fibra ótica / Wi-fi,0.28,Baixa,Supervisionado_LSTM_baixa_conf,Processado
2026-08-13T23:12:45.000Z,14142,"Caríssimos,   Solicito manutenção corretiva na Fibra Óptica do CFCAF, | Caríssimos,

Solicito manutenção corretiva na Fi",TI / Dados / Rede > Ponto de rede / fibra ótica / Wi-fi,TI / Dados / Rede > Ponto de rede / fibra ótica / Wi-fi,0.79,Média,Supervisionado_LSTM_baixa_conf,Processado
2026-08-13T23:12:46.000Z,14143,Alterar pontos elétricos,Elétrica > Instalações elétricas,Elétrica > Instalações elétricas,0.71,Baixa,Supervisionado_LSTM_baixa_conf,Processado
2026-08-14T04:20:41.000Z,14144,"Caríssimos,   Solicito manutenção corretiva na Fibra Óptica do CFCAF, | Caríssimos,

Solicito manutenção corretiva na Fi",TI / Dados / Rede > Ponto de rede / fibra ótica / Wi-fi,TI / Dados / Rede > Ponto de rede / fibra ótica / Wi-fi,0.64,Média,Supervisionado_LSTM_baixa_conf,Processado
2026-08-14T04:20:42.000Z,14145,Alterar pontos elétricos,Elétrica > Instalações elétricas,Elétrica > Instalações elétricas,0.36,Baixa,Supervisionado_LSTM_baixa_conf,Processado
2026-08-14T11:10:19.000Z,14146,Forro do Laboratório de Química Ambiental,Estrutura Predial > Forro,Estrutura Predial > Forro,0.72,Baixa,Supervisionado_LSTM_baixa_conf,Processado
2026-08-14T11:23:55.000Z,14147,Ponto de rede do AP,TI / Dados / Rede > Ponto de rede / fibra ótica / Wi-fi,TI / Dados / Rede > Ponto de rede / fibra ótica / Wi-fi,0.5,Baixa,Supervisionado_LSTM_baixa_conf,Processado
2026-08-14T13:05:41.000Z,14148,Liberação de acesso ao Google Workspace,TI / Dados / Rede > Ponto de rede / fibra ótica / Wi-fi,TI / Dados / Rede > Ponto de rede / fibra ótica / Wi-fi,0.32,Baixa,Supervisionado_LSTM_baixa_conf,Processado
2026-08-14T21:08:56.000Z,14149,Ponto de rede do AP,TI / Dados / Rede > Ponto de rede / fibra ótica / Wi-fi,TI / Dados / Rede > Ponto de rede / fibra ótica / Wi-fi,0.68,Baixa,Supervisionado_LSTM_baixa_conf,Processado
2026-08-14T21:08:57.000Z,14150,Liberação de acesso ao Google Workspace,TI / Dados / Rede > Ponto de rede / fibra ótica / Wi-fi,TI / Dados / Rede > Ponto de rede / fibra ótica / Wi-fi,0.19,Baixa,Supervisionado_LSTM_baixa_conf,Processado
2026-08-14T21:09:00.000Z,14151,"Prezados, boa tarde.  Poderia verificar o vazamento do mictório do ban",Hidrossanitária > Hidráulica,Hidrossanitária > Hidráulica,0.33,Baixa,Supervisionado_LSTM_baixa_conf,Processado
2026-08-14T21:09:03.000Z,14152,Instalação,"Estrutura Predial > Esquadrias, porta, portão e janelas","Estrutura Predial > Esquadrias, porta, portão e janelas",0.29,Baixa,Supervisionado_LSTM_baixa_conf,Processado
2026-08-17T16:02:29.000Z,14153,Manutenção da estrutura do telhado,"Estrutura Predial > Telhados, calhas, rufos, etc.","Estrutura Predial > Telhados, calhas, rufos, etc.",0.46,Baixa,Supervisionado_LSTM_baixa_conf,Processado
2026-08-17T17:20:46.000Z,14154,Vazamento pia laboratório de biologia Molecular,Hidrossanitária > Hidráulica,Hidrossanitária > Hidráulica,0.92,Baixa,Supervisionado_LSTM_baixa_conf,Processado
2026-08-17T18:36:53.000Z,14155,Solicito código PIN de acesso a impressora,TI / Dados / Rede > Ponto de rede / fibra ótica / Wi-fi,TI / Dados / Rede > Ponto de rede / fibra ótica / Wi-fi,0.57,Baixa,Supervisionado_LSTM_baixa_conf,Processado
2026-08-17T19:52:24.000Z,14156,Substituição de lâmpada,Elétrica > Iluminação,Elétrica > Iluminação,0.89,Média,Supervisionado_LSTM_baixa_conf,Processado
2026-08-18T17:54:09.000Z,14157,"Prezados, boa tarde.  O ar condicionado da sala de Nilton (Secad), con",Climatização > Ar condicionado split,Climatização > Ar condicionado split,0.99,Baixa,Supervisionado_LSTM,Processado
2026-08-18T20:06:22.000Z,14158,Reparação de móveis,"Instalação de Acessórios e Mobiliário > Instalação/reparo de equipamentos (Suportes de TV, acessórios de banheiro e quadro branco)","Instalação de Acessórios e Mobiliário > Instalação/reparo de equipamentos (Suportes de TV, acessórios de banheiro e quadro branco)",0.3,Baixa,Supervisionado_LSTM_baixa_conf,Processado
2026-08-19T21:06:51.000Z,14159,Solicitação de compra de materiais para fechamento de valas | Compra de materiais para fechamento de valas; Complementar,Área Externa e Ambiental > Manutenção área externa / meio ambiente / Poda de árvore / Roçagem,Área Externa e Ambiental > Manutenção área externa / meio ambiente / Poda de árvore / Roçagem,0.13,Baixa,Supervisionado_LSTM_baixa_conf,Processado
2026-08-19T21:06:52.000Z,14160,Interruptor não funciona,Elétrica > Instalações elétricas,Elétrica > Instalações elétricas,0.3,Baixa,Supervisionado_LSTM_baixa_conf,Processado
2026-08-19T21:06:52.000Z,14161,Instalação de porta papel higiênico,"Instalação de Acessórios e Mobiliário > Instalação/reparo de equipamentos (Suportes de TV, acessórios de banheiro e quadro branco)","Instalação de Acessórios e Mobiliário > Instalação/reparo de equipamentos (Suportes de TV, acessórios de banheiro e quadro branco)",0.66,Baixa,Supervisionado_LSTM_baixa_conf,Processado
2026-08-19T21:06:53.000Z,14162,Vazamento ar condicionado Laboratorio genetica molecular,Climatização > Ar condicionado split,Climatização > Ar condicionado split,0.96,Baixa,Supervisionado_LSTM,Processado
2026-08-19T21:06:53.000Z,14163,Descarga vazando água direto pelo vaso,Hidrossanitária > Hidráulica,Hidrossanitária > Hidráulica,0.96,Baixa,Supervisionado_LSTM,Processado
2026-08-19T21:06:54.000Z,14164,Forro caindo.,Estrutura Predial > Forro,Estrutura Predial > Forro,0.33,Baixa,Supervisionado_LSTM_baixa_conf,Processado
2026-08-19T21:06:54.000Z,14165,Realocação de tomadas,Elétrica > Instalações elétricas,Elétrica > Instalações elétricas,0.61,Baixa,Supervisionado_LSTM_baixa_conf,Processado
2026-08-19T21:06:55.000Z,14166,Instalação suporte de sabão,"Instalação de Acessórios e Mobiliário > Instalação/reparo de equipamentos (Suportes de TV, acessórios de banheiro e quadro branco)","Instalação de Acessórios e Mobiliário > Instalação/reparo de equipamentos (Suportes de TV, acessórios de banheiro e quadro branco)",0.54,Baixa,Supervisionado_LSTM_baixa_conf,Processado
2026-08-19T21:06:57.000Z,14167,Instalação,Elétrica > Instalações elétricas,Elétrica > Instalações elétricas,0.22,Baixa,Supervisionado_LSTM_baixa_conf,Processado
2026-08-20T11:09:34.000Z,14168,Solicita instalação de tomada de 20A no laboratório de Pedologia - CFCAm,Elétrica > Instalações elétricas,Elétrica > Instalações elétricas,0.9,Baixa,Supervisionado_LSTM_baixa_conf,Processado
2026-08-20T11:22:56.000Z,14169,"A porta da Sala de reunião do 3º pavimento não esta abrindo, tem reuni","Estrutura Predial > Esquadrias, porta, portão e janelas","Estrutura Predial > Esquadrias, porta, portão e janelas",0.4,Baixa,Supervisionado_LSTM_baixa_conf,Processado
2026-08-20T11:51:45.000Z,14170,Reposicionamento de tomadas no Laboratório de Biologia Celular,Elétrica > Instalações elétricas,Elétrica > Instalações elétricas,0.73,Baixa,Supervisionado_LSTM_baixa_conf,Processado
2026-08-20T12:50:35.000Z,14171,Fixação de quadro branco,"Instalação de Acessórios e Mobiliário > Instalação/reparo de equipamentos (Suportes de TV, acessórios de banheiro e quadro branco)","Instalação de Acessórios e Mobiliário > Instalação/reparo de equipamentos (Suportes de TV, acessórios de banheiro e quadro branco)",0.61,Baixa,Supervisionado_LSTM_baixa_conf,Processado
2026-08-20T13:06:20.000Z,14172,Instalação de Relógios de Parede,"Instalação de Acessórios e Mobiliário > Instalação/reparo de equipamentos (Suportes de TV, acessórios de banheiro e quadro branco)","Instalação de Acessórios e Mobiliário > Instalação/reparo de equipamentos (Suportes de TV, acessórios de banheiro e quadro branco)",0.5,Baixa,Supervisionado_LSTM_baixa_conf,Processado
2026-08-20T13:20:41.000Z,14173,Instalação de persianas,Outros > Outros,Outros > Outros,0.63,Baixa,Supervisionado_LSTM_baixa_conf,Processado
2026-08-20T13:37:31.000Z,14174,"Prezados(as),  Solicito o apoio de um profissional para realizar a a",Instalação de Acessórios e Mobiliário > Placas de identificação,Instalação de Acessórios e Mobiliário > Placas de identificação,0.25,Baixa,Supervisionado_LSTM_baixa_conf,Processado
2026-08-20T14:05:43.000Z,14175,Ajuste de puxador,"Instalação de Acessórios e Mobiliário > Instalação/reparo de equipamentos (Suportes de TV, acessórios de banheiro e quadro branco)","Instalação de Acessórios e Mobiliário > Instalação/reparo de equipamentos (Suportes de TV, acessórios de banheiro e quadro branco)",0.23,Baixa,Supervisionado_LSTM_baixa_conf,Processado
2026-08-21T18:25:40.000Z,14176,"Prezados(as) Senhores(as),  Solicito, respeitosamente, que seja provid",Hidrossanitária > Hidráulica,Hidrossanitária > Hidráulica,0.13,Baixa,Supervisionado_LSTM_baixa_conf,Processado
2026-08-21T18:25:41.000Z,14177,Desentupimento de tubulação da geladeira.,Hidrossanitária > Hidráulica,Hidrossanitária > Hidráulica,0.27,Baixa,Supervisionado_LSTM_baixa_conf,Processado
2026-08-21T18:25:42.000Z,14178,Solicitação de reparo de poste – Complexo I,Outros > Outros,Outros > Outros,0.35,Média,Supervisionado_LSTM_baixa_conf,Processado
2026-08-24T19:33:58.000Z,14179,Alteração de senha,TI / Dados / Rede > Ponto de rede / fibra ótica / Wi-fi,TI / Dados / Rede > Ponto de rede / fibra ótica / Wi-fi,0.37,Baixa,Supervisionado_LSTM_baixa_conf,Processado
2026-08-24T19:33:59.000Z,14180,Ar condicionado com defeito,Climatização > Ar condicionado split,Climatização > Ar condicionado split,0.98,Média,Supervisionado_LSTM,Processado
2026-08-25T12:28:54.000Z,14181,Compra de controle de ar condicionado,Climatização > Ar condicionado split,Climatização > Ar condicionado split,0.74,Baixa,Supervisionado_LSTM_baixa_conf,Processado
2026-08-25T18:00:57.000Z,14182,Cabo HDMI da sala itagmirim,TI / Dados / Rede > Ponto de rede / fibra ótica / Wi-fi,TI / Dados / Rede > Ponto de rede / fibra ótica / Wi-fi,0.37,Baixa,Supervisionado_LSTM_baixa_conf,Processado
2026-08-25T20:14:14.000Z,14183,"Prezados, boa tarde.  Solicito por gentileza a instalação de tomadas,",Hidrossanitária > Hidráulica,Elétrica > Instalações elétricas,0.7,Baixa,Supervisionado_LSTM_baixa_conf,Processado
2026-08-25T21:30:48.000Z,14184,Senha PIN para acesso a impressora,TI / Dados / Rede > Ponto de rede / fibra ótica / Wi-fi,TI / Dados / Rede > Ponto de rede / fibra ótica / Wi-fi,0.61,Baixa,Supervisionado_LSTM_baixa_conf,Processado
2026-08-25T22:46:47.000Z,14185,Conserto de dispenser de sabonete na sala de Enfermagem,"Instalação de Acessórios e Mobiliário > Instalação/reparo de equipamentos (Suportes de TV, acessórios de banheiro e quadro branco)","Instalação de Acessórios e Mobiliário > Instalação/reparo de equipamentos (Suportes de TV, acessórios de banheiro e quadro branco)",0.51,Baixa,Supervisionado_LSTM_baixa_conf,Processado
2026-08-26T22:38:33.000Z,14186,Readequação de piso tátil,Estrutura Predial > Alvenaria / Pisos / Estrutura,Estrutura Predial > Alvenaria / Pisos / Estrutura,0.57,Baixa,Supervisionado_LSTM_baixa_conf,Processado
2026-08-26T22:38:33.000Z,14187,Instalação de Quadro Branco,"Instalação de Acessórios e Mobiliário > Instalação/reparo de equipamentos (Suportes de TV, acessórios de banheiro e quadro branco)","Instalação de Acessórios e Mobiliário > Instalação/reparo de equipamentos (Suportes de TV, acessórios de banheiro e quadro branco)",0.45,Baixa,Supervisionado_LSTM_baixa_conf,Processado
2026-08-26T22:38:35.000Z,14188,Caixa de areia para mitigação de chamas,"Segurança contra Incêndio > Sistemas de combate a incêndio (extintores, hidrantes)","Segurança contra Incêndio > Sistemas de combate a incêndio (extintores, hidrantes)",0.39,Baixa,Supervisionado_LSTM_baixa_conf,Processado
2026-08-26T22:38:36.000Z,14189,Instalação de quadro,"Instalação de Acessórios e Mobiliário > Instalação/reparo de equipamentos (Suportes de TV, acessórios de banheiro e quadro branco)","Instalação de Acessórios e Mobiliário > Instalação/reparo de equipamentos (Suportes de TV, acessórios de banheiro e quadro branco)",0.37,Baixa,Supervisionado_LSTM_baixa_conf,Processado
2026-08-26T22:38:38.000Z,14190,Ligar o ar condicionado do auditório Monte Pascal no dia 31/08,Climatização > Ar condicionado central,Climatização > Ar condicionado split,0.96,Baixa,Supervisionado_LSTM,Processado
2026-08-26T22:38:38.000Z,14191,Infiltração,Estrutura Predial > Infiltração,Estrutura Predial > Infiltração,0.66,Baixa,Supervisionado_LSTM_baixa_conf,Processado
2026-08-26T22:38:39.000Z,14192,Infiltração,Estrutura Predial > Infiltração,Estrutura Predial > Infiltração,0.66,Baixa,Supervisionado_LSTM_baixa_conf,Processado
2026-08-26T22:38:39.000Z,14193,Ar-condicionado não funcionante,Climatização > Ar condicionado split,Climatização > Ar condicionado split,0.99,Baixa,Supervisionado_LSTM,Processado
2026-08-26T23:21:28.000Z,14194,Tomadas não funcionam.,Elétrica > Instalações elétricas,Elétrica > Instalações elétricas,0.85,Baixa,Supervisionado_LSTM_baixa_conf,Processado
2026-08-27T11:50:54.000Z,14195,Solicitação de reparo em tubulação de água,Manutenção Preventiva > Hidráulica,Manutenção Preventiva > Hidráulica,0.6,Média,Supervisionado_LSTM_baixa_conf,Processado
2026-08-27T11:50:55.000Z,14196,AR DA SALA TECNICA,Climatização > Ar condicionado split,Climatização > Ar condicionado split,0.59,Baixa,Supervisionado_LSTM_baixa_conf,Processado
2026-08-27T14:20:12.000Z,14197,"À Equipe de Manutenção, Solicito manutenção/troca de baterias nos Nobr",Elétrica > Nobreak,Elétrica > Nobreak,0.37,Baixa,Supervisionado_LSTM_baixa_conf,Processado
2026-08-27T14:20:13.000Z,14198,Solicito apoio para trocar cabo HDMI da Sala 04 Núcleo Pedagógico.  O,Suprimentos / Apoio Técnico > Materiais,Suprimentos / Apoio Técnico > Materiais,0.23,Baixa,Supervisionado_LSTM_baixa_conf,Processado
2026-08-27T17:05:50.000Z,14199,Arcondicionado quebrado,Climatização > Ar condicionado split,Climatização > Ar condicionado split,0.15,Média,Supervisionado_LSTM_baixa_conf,Processado
2026-08-27T17:39:46.000Z,14200,Instalar assento de vaso sanitário,"Instalação de Acessórios e Mobiliário > Instalação/reparo de equipamentos (Suportes de TV, acessórios de banheiro e quadro branco)","Instalação de Acessórios e Mobiliário > Instalação/reparo de equipamentos (Suportes de TV, acessórios de banheiro e quadro branco)",0.4,Baixa,Supervisionado_LSTM_baixa_conf,Processado
2026-08-27T18:07:08.000Z,14201,Auxilio na montagem do pêndulo,"Instalação de Acessórios e Mobiliário > Instalação/reparo de equipamentos (Suportes de TV, acessórios de banheiro e quadro branco)","Instalação de Acessórios e Mobiliário > Instalação/reparo de equipamentos (Suportes de TV, acessórios de banheiro e quadro branco)",0,Baixa,SemClassificador,Processado
2026-08-27T18:07:37.000Z,14202,Auxílio na montagem do pêndulo,"Instalação de Acessórios e Mobiliário > Instalação/reparo de equipamentos (Suportes de TV, acessórios de banheiro e quadro branco)","Instalação de Acessórios e Mobiliário > Instalação/reparo de equipamentos (Suportes de TV, acessórios de banheiro e quadro branco)",0,Baixa,SemClassificador,Processado
2026-08-27T18:37:23.000Z,14203,Descarga vazando,Estrutura Predial > Infiltração,Estrutura Predial > Infiltração,0.7,Baixa,Supervisionado_LSTM_baixa_conf,Processado
2026-08-27T19:53:19.000Z,14204,Caixa de areia para mitigação de chamas,"Segurança contra Incêndio > Sistemas de combate a incêndio (extintores, hidrantes)","Segurança contra Incêndio > Sistemas de combate a incêndio (extintores, hidrantes)",0.33,Baixa,Supervisionado_LSTM_baixa_conf,Processado
2026-08-28T12:37:07.000Z,14205,"Bom dia. Alex deu uma olhada no vaso sanitário do Pórtico, viu que o v","Estrutura Predial > Esquadrias, porta, portão e janelas","Estrutura Predial > Esquadrias, porta, portão e janelas",0.61,Baixa,Supervisionado_LSTM_baixa_conf,Processado
2026-08-28T13:20:22.000Z,14206,Substitução de sifão,Hidrossanitária > Hidráulica,Hidrossanitária > Hidráulica,0.2,Baixa,Supervisionado_LSTM_baixa_conf,Processado
2026-08-28T13:36:12.000Z,14207,Reparação das tampas das caixas de passagens,Área Externa e Ambiental > Drenagem,Área Externa e Ambiental > Drenagem,0.43,Baixa,Supervisionado_LSTM_baixa_conf,Processado
2026-08-28T14:06:39.000Z,14208,Solicitação de instalação de aparelhos de ar-condicionado,Climatização > Ar condicionado central,Climatização > Ar condicionado split,0.95,Baixa,Supervisionado_LSTM,Processado
2026-08-29T01:34:41.000Z,14209,Condicionador de ar quebrado,Climatização > Ar condicionado split,Climatização > Ar condicionado split,0.72,Média,Supervisionado_LSTM_baixa_conf,Processado
2026-08-29T01:34:41.000Z,14210,Confecção de placa de identificação - Seção de Acessibilidade CPF,Instalação de Acessórios e Mobiliário > Placas de identificação,Instalação de Acessórios e Mobiliário > Placas de identificação,0.27,Baixa,Supervisionado_LSTM_baixa_conf,Processado
2026-08-29T01:34:44.000Z,14211,Suporte para jalecos no Laboratório de Microbiologia,"Instalação de Acessórios e Mobiliário > Instalação/reparo de equipamentos (Suportes de TV, acessórios de banheiro e quadro branco)","Instalação de Acessórios e Mobiliário > Instalação/reparo de equipamentos (Suportes de TV, acessórios de banheiro e quadro branco)",0.42,Baixa,Supervisionado_LSTM_baixa_conf,Processado
2026-08-29T02:34:48.000Z,14212,Suporte para jalecos no Laboratório de Microbiologia,"Instalação de Acessórios e Mobiliário > Instalação/reparo de equipamentos (Suportes de TV, acessórios de banheiro e quadro branco)","Instalação de Acessórios e Mobiliário > Instalação/reparo de equipamentos (Suportes de TV, acessórios de banheiro e quadro branco)",0.42,Baixa,Supervisionado_LSTM_baixa_conf,Processado
2026-08-31T20:12:09.000Z,14213,No-break nao funciona,Elétrica > Nobreak,Elétrica > Nobreak,0.2,Baixa,Supervisionado_LSTM_baixa_conf,Processado
2026-08-31T20:12:10.000Z,14214,Instalação de cabo e projetor na barrolandia,Estrutura Predial > Forro,Estrutura Predial > Forro,0.42,Baixa,Supervisionado_LSTM_baixa_conf,Processado
2026-08-31T20:12:10.000Z,14215,"Prezados, bom dia.  Poderia por favor verificar o vazamento do bebedou",Hidrossanitária > Hidráulica,Hidrossanitária > Hidráulica,0.62,Baixa,Supervisionado_LSTM_baixa_conf,Processado
2026-08-31T20:12:11.000Z,14216,Solicitação de Reparo no Sistema Hidráulico das Ocas,Hidrossanitária > Hidráulica,Hidrossanitária > Hidráulica,0.41,Média,Supervisionado_LSTM_baixa_conf,Processado
2026-08-31T20:12:12.000Z,14217,Boia eletrica,Manutenção Preventiva > Reservatório,Manutenção Preventiva > Reservatório,0.21,Baixa,Supervisionado_LSTM_baixa_conf,Processado
2026-08-31T20:12:12.000Z,14218,Reparo de gaveteiro,"Instalação de Acessórios e Mobiliário > Instalação/reparo de equipamentos (Suportes de TV, acessórios de banheiro e quadro branco)","Instalação de Acessórios e Mobiliário > Instalação/reparo de equipamentos (Suportes de TV, acessórios de banheiro e quadro branco)",0.49,Média,Supervisionado_LSTM_baixa_conf,Processado
2026-08-31T20:12:13.000Z,14219,Placa na Galeria de Reitores,Instalação de Acessórios e Mobiliário > Placas de identificação,Instalação de Acessórios e Mobiliário > Placas de identificação,0.18,Baixa,Supervisionado_LSTM_baixa_conf,Processado
2026-08-31T20:12:15.000Z,14220,"Prezados colegas, bom dia.     Uma vez mais estou sem acesso ao portal",TI / Dados / Rede > Ponto de rede / fibra ótica / Wi-fi,TI / Dados / Rede > Ponto de rede / fibra ótica / Wi-fi,0.29,Baixa,Supervisionado_LSTM_baixa_conf,Processado
2026-08-31T20:35:07.000Z,14221,Fechadura de porta,"Estrutura Predial > Esquadrias, porta, portão e janelas","Estrutura Predial > Esquadrias, porta, portão e janelas",0.91,Baixa,Supervisionado_LSTM_baixa_conf,Processado
2026-08-31T23:05:11.000Z,14222,"Olá! Boa noite. Tudo bem? Por favor, gostaria de solicitar a senha de",TI / Dados / Rede > Ponto de rede / fibra ótica / Wi-fi,TI / Dados / Rede > Ponto de rede / fibra ótica / Wi-fi,0.32,Baixa,Supervisionado_LSTM_baixa_conf,Processado
2026-09-01T12:57:42.000Z,14223,Fixação de armário,"Instalação de Acessórios e Mobiliário > Instalação/reparo de equipamentos (Suportes de TV, acessórios de banheiro e quadro branco)","Instalação de Acessórios e Mobiliário > Instalação/reparo de equipamentos (Suportes de TV, acessórios de banheiro e quadro branco)",0.48,Baixa,Supervisionado_LSTM_baixa_conf,Processado
2026-09-01T13:56:31.000Z,14224,"Prezados, bom dia.  Mictório entupido no vestiário funcionário, no fun",Hidrossanitária > Hidráulica,Hidrossanitária > Hidráulica,0.91,Baixa,Supervisionado_LSTM_baixa_conf,Processado
2026-09-01T14:14:49.000Z,14225,Suporte para perfurocortante,"Instalação de Acessórios e Mobiliário > Instalação/reparo de equipamentos (Suportes de TV, acessórios de banheiro e quadro branco)","Instalação de Acessórios e Mobiliário > Instalação/reparo de equipamentos (Suportes de TV, acessórios de banheiro e quadro branco)",0.41,Baixa,Supervisionado_LSTM_baixa_conf,Processado
2026-09-01T15:23:34.000Z,14226,Mictório entupido,Hidrossanitária > Hidráulica,Hidrossanitária > Hidráulica,0.65,Baixa,Supervisionado_LSTM_baixa_conf,Processado
2026-09-01T19:11:27.000Z,14227,Dispenser sabão,"Instalação de Acessórios e Mobiliário > Instalação/reparo de equipamentos (Suportes de TV, acessórios de banheiro e quadro branco)","Instalação de Acessórios e Mobiliário > Instalação/reparo de equipamentos (Suportes de TV, acessórios de banheiro e quadro branco)",0.39,Baixa,Supervisionado_LSTM_baixa_conf,Processado
2026-09-01T23:56:43.000Z,14228,Refazer ponto do painel indigena,TI / Dados / Rede > Ponto de rede / fibra ótica / Wi-fi,Elétrica > Instalações elétricas,0.71,Baixa,Supervisionado_LSTM_baixa_conf,Processado
2026-09-02T12:24:05.000Z,14229,O laboratório de carcinologia no CFCAF está com a torneira pingando e,Hidrossanitária > Hidráulica,Hidrossanitária > Hidráulica,0.89,Baixa,Supervisionado_LSTM_baixa_conf,Processado
2026-09-02T17:05:52.000Z,14230,Ar condicionado sem funcionar do laboratórioi Carcino,Climatização > Ar condicionado split,Climatização > Ar condicionado split,0.96,Baixa,Supervisionado_LSTM,Processado
2026-09-02T17:21:09.000Z,14231,Verificação do Bebedouro da Portaria,"Suprimentos / Apoio Técnico > Limpeza de equipamentos, ambiente e mobiliário","Suprimentos / Apoio Técnico > Limpeza de equipamentos, ambiente e mobiliário",0.67,Baixa,Supervisionado_LSTM_baixa_conf,Processado
2026-09-02T17:49:09.000Z,14232,Reparo em Banheiro da Guarita - Portaria,Outros > Outros,Outros > Outros,0.53,Média,Supervisionado_LSTM_baixa_conf,Processado
2026-09-02T18:21:59.000Z,14233,VASAMENTO DE ÁGUA,Hidrossanitária > Hidráulica,Hidrossanitária > Hidráulica,0.72,Baixa,Supervisionado_LSTM_baixa_conf,Processado
2026-09-02T18:22:00.000Z,14234,PALETA DO AR TRAVADA,Climatização > Ar condicionado split,Climatização > Ar condicionado split,0.23,Baixa,Supervisionado_LSTM_baixa_conf,Processado
2026-09-03T11:36:50.000Z,14235,Manutenção da ponta de hala na entrada da estrada do campus,Área Externa e Ambiental > Manutenção área externa / meio ambiente / Poda de árvore / Roçagem,Área Externa e Ambiental > Manutenção área externa / meio ambiente / Poda de árvore / Roçagem,0.41,Baixa,Supervisionado_LSTM_baixa_conf,Processado
2026-09-03T11:36:50.000Z,14236,Manutenção Preventiva Mensal - Ar condicionado Central - CSC,Manutenção Preventiva > Ar condicionado central,Manutenção Preventiva > Ar condicionado central,0.39,Baixa,Supervisionado_LSTM_baixa_conf,Processado
2026-09-03T11:36:51.000Z,14237,Manutenção Preventiva Mensal - Ar Condicionado Central - CSC - Tratamento Químico Mensal da Água de Condensação,Manutenção Preventiva > Ar condicionado central,Manutenção Preventiva > Ar condicionado central,0.66,Baixa,Supervisionado_LSTM_baixa_conf,Processado
2026-09-03T11:36:51.000Z,14238,Manutenção Preventiva Mensal - Ar condicionado - Reitoria,Manutenção Preventiva > Ar condicionado split,Manutenção Preventiva > Ar condicionado split,0.74,Baixa,Supervisionado_LSTM_baixa_conf,Processado
2026-09-03T12:35:31.000Z,14239,Substituição de lâmpadas queimadas,Elétrica > Iluminação,Elétrica > Iluminação,0.96,Média,Supervisionado_LSTM,Processado
2026-09-03T12:35:32.000Z,14240,Manutenção do bebedouro,Estrutura Predial > Infiltração,Estrutura Predial > Infiltração,0.62,Baixa,Supervisionado_LSTM_baixa_conf,Processado
2026-09-03T13:37:14.000Z,14241,TETO DA SALA DE SUPRIMENTOS,Estrutura Predial > Forro,Estrutura Predial > Forro,0.23,Baixa,Supervisionado_LSTM_baixa_conf,Processado
2026-09-03T17:34:08.000Z,14242,Problema com AR CONDICIONADO,Climatização > Ar condicionado split,Climatização > Ar condicionado split,0.64,Baixa,Supervisionado_LSTM_baixa_conf,Processado
2026-09-03T18:37:21.000Z,14243,Auxilio para instalação de trnacas nos armarios do Lecomar,"Instalação de Acessórios e Mobiliário > Instalação/reparo de equipamentos (Suportes de TV, acessórios de banheiro e quadro branco)","Instalação de Acessórios e Mobiliário > Instalação/reparo de equipamentos (Suportes de TV, acessórios de banheiro e quadro branco)",0.49,Baixa,Supervisionado_LSTM_baixa_conf,Processado
2026-09-03T18:37:22.000Z,14244,Elevador do Núcleo Pedagógico com problema.,Equipamentos de Transporte > Elevador,Equipamentos de Transporte > Elevador,0.17,Baixa,Supervisionado_LSTM_baixa_conf,Processado
2026-09-03T18:37:24.000Z,14245,Ar condicionado pingando,Climatização > Ar condicionado split,Climatização > Ar condicionado split,0.94,Baixa,Supervisionado_LSTM_baixa_conf,Processado
2026-09-05T00:06:02.000Z,14246,Solicitação de Roçagem da área do Meliponário,Área Externa e Ambiental > Manutenção área externa / meio ambiente / Poda de árvore / Roçagem,Área Externa e Ambiental > Manutenção área externa / meio ambiente / Poda de árvore / Roçagem,0.19,Baixa,Supervisionado_LSTM_baixa_conf,Processado
2026-09-05T00:06:02.000Z,14247,"Prezados, bom diaaaa.  Poderia por gentileza verificar o vaso sanitári",Hidrossanitária > Hidráulica,Hidrossanitária > Hidráulica,0.22,Baixa,Supervisionado_LSTM_baixa_conf,Processado
2026-09-05T00:06:04.000Z,14248,Puxador escaninho,"Instalação de Acessórios e Mobiliário > Instalação/reparo de equipamentos (Suportes de TV, acessórios de banheiro e quadro branco)","Instalação de Acessórios e Mobiliário > Instalação/reparo de equipamentos (Suportes de TV, acessórios de banheiro e quadro branco)",0.15,Baixa,Supervisionado_LSTM_baixa_conf,Processado
2026-09-05T00:06:06.000Z,14249,TV COM MAL CONTATO,"Instalação de Acessórios e Mobiliário > Instalação/reparo de equipamentos (Suportes de TV, acessórios de banheiro e quadro branco)","Instalação de Acessórios e Mobiliário > Instalação/reparo de equipamentos (Suportes de TV, acessórios de banheiro e quadro branco)",0.19,Baixa,Supervisionado_LSTM_baixa_conf,Processado
2026-09-05T00:34:28.000Z,14250,PROJETOR EPSON SALA 103 (CURTO-CIRCUITO),Elétrica > Instalações elétricas,Elétrica > Instalações elétricas,0.59,Baixa,Supervisionado_LSTM_baixa_conf,Processado
2026-09-05T03:50:25.000Z,14251,Manutenção Preventiva Mensal - Ar condicionado - CSC - LABMOL,Manutenção Preventiva > Ar condicionado split,Manutenção Preventiva > Ar condicionado split,0.91,Baixa,Supervisionado_LSTM_baixa_conf,Processado
2026-09-06T17:20:58.000Z,14252,Limpeza Anual de poços artesianos - CJA 01,Manutenção Preventiva > Poços artesianos,Manutenção Preventiva > Poços artesianos,0.18,Baixa,Supervisionado_LSTM_baixa_conf,Processado
2026-09-06T17:20:59.000Z,14253,Limpeza Anual de poços artesianos - CJA 02,Manutenção Preventiva > Poços artesianos,Manutenção Preventiva > Poços artesianos,0.17,Baixa,Supervisionado_LSTM_baixa_conf,Processado
2026-09-06T17:21:01.000Z,14254,Limpeza Anual de poços artesianos - CJA 03,Manutenção Preventiva > Poços artesianos,Manutenção Preventiva > Poços artesianos,0.18,Baixa,Supervisionado_LSTM_baixa_conf,Processado
2026-09-06T17:21:01.000Z,14255,Limpeza Anual de poços artesianos - CSC P1,Manutenção Preventiva > Poços artesianos,Manutenção Preventiva > Poços artesianos,0.18,Baixa,Supervisionado_LSTM_baixa_conf,Processado
2026-09-06T17:21:02.000Z,14256,Limpeza Anual de poços artesianos - CSC P2,Manutenção Preventiva > Poços artesianos,Manutenção Preventiva > Poços artesianos,0.17,Baixa,Supervisionado_LSTM_baixa_conf,Processado
2026-09-06T17:21:02.000Z,14257,Limpeza Anual de poços artesianos - Viveiro da Esarm,Manutenção Preventiva > Poços artesianos,Manutenção Preventiva > Poços artesianos,0.18,Baixa,Supervisionado_LSTM_baixa_conf,Processado
2026-09-06T17:21:02.000Z,14258,Limpeza Anual de poços artesianos - Dique da ESARM,Manutenção Preventiva > Poços artesianos,Manutenção Preventiva > Poços artesianos,0.19,Baixa,Supervisionado_LSTM_baixa_conf,Processado
2026-09-07T03:36:25.000Z,14259,Manutenção Preventiva Mensal - Ar condicionado - CJA - Laboratório CEPLAC,Manutenção Preventiva > Ar condicionado split,Manutenção Preventiva > Ar condicionado split,0.86,Baixa,Supervisionado_LSTM_baixa_conf,Processado
2026-09-07T03:36:26.000Z,14260,Manutenção Preventiva Mensal - Ar condicionado - CJA - NUPED,Manutenção Preventiva > Ar condicionado split,Manutenção Preventiva > Ar condicionado split,0.85,Baixa,Supervisionado_LSTM_baixa_conf,Processado
2026-09-07T03:36:27.000Z,14261,Manutenção Preventiva Mensal - Ar condicionado - CJA - NVGA,Manutenção Preventiva > Ar condicionado split,Manutenção Preventiva > Ar condicionado split,0.77,Baixa,Supervisionado_LSTM_baixa_conf,Processado
2026-09-07T03:36:27.000Z,14262,Manutenção Preventiva Mensal - Ar condicionado - CJA - Auditório CEPLAC,Manutenção Preventiva > Ar condicionado split,Manutenção Preventiva > Ar condicionado split,0.76,Baixa,Supervisionado_LSTM_baixa_conf,Processado
2026-09-07T03:36:28.000Z,14263,Manutenção Preventiva Mensal - Ar condicionado - CPF - Bloco Administrativo,Manutenção Preventiva > Ar condicionado split,Manutenção Preventiva > Ar condicionado split,0.89,Baixa,Supervisionado_LSTM_baixa_conf,Processado
2026-09-07T03:36:28.000Z,14264,Manutenção Preventiva Mensal - Ar condicionado - CPF - Bloco de Aulas 1,Manutenção Preventiva > Ar condicionado split,Manutenção Preventiva > Ar condicionado split,0.92,Baixa,Supervisionado_LSTM_baixa_conf,Processado
2026-09-07T03:36:29.000Z,14265,Manutenção Preventiva Mensal - Ar condicionado - CPF - Bloco de Aulas 2,Manutenção Preventiva > Ar condicionado split,Manutenção Preventiva > Ar condicionado split,0.93,Baixa,Supervisionado_LSTM_baixa_conf,Processado
2026-09-07T03:36:30.000Z,14266,Manutenção Preventiva Mensal - Ar condicionado - CPF - Laboratório 1° Ciclo CFCS,Manutenção Preventiva > Ar condicionado split,Manutenção Preventiva > Ar condicionado split,0.97,Baixa,Supervisionado_LSTM,Processado
2026-09-07T03:36:31.000Z,14267,Manutenção Preventiva Mensal - Ar condicionado - CPF - Pavilhão Anexo de Aulas,Manutenção Preventiva > Ar condicionado split,Manutenção Preventiva > Ar condicionado split,0.93,Baixa,Supervisionado_LSTM_baixa_conf,Processado
2026-09-07T03:36:33.000Z,14268,Manutenção Preventiva Mensal - Ar condicionado - CSC - Pavilhão Administrativo,Manutenção Preventiva > Ar condicionado split,Manutenção Preventiva > Ar condicionado split,0.71,Baixa,Supervisionado_LSTM_baixa_conf,Processado
2026-09-07T03:36:34.000Z,14269,Manutenção Preventiva Mensal - Ar condicionado - CSC - Bloco de Serviços,Manutenção Preventiva > Ar condicionado split,Manutenção Preventiva > Ar condicionado split,0.91,Baixa,Supervisionado_LSTM_baixa_conf,Processado
2026-09-07T03:36:35.000Z,14270,Manutenção Preventiva Mensal - Ar condicionado - CSC - Espaço de Leitura,Manutenção Preventiva > Ar condicionado split,Manutenção Preventiva > Ar condicionado split,0.68,Baixa,Supervisionado_LSTM_baixa_conf,Processado
2026-09-07T03:36:36.000Z,14271,Manutenção Preventiva Mensal - Ar condicionado - CSC - Laboratórios,Manutenção Preventiva > Ar condicionado split,Manutenção Preventiva > Ar condicionado split,0.74,Baixa,Supervisionado_LSTM_baixa_conf,Processado
2026-09-07T03:36:37.000Z,14272,Manutenção Preventiva Mensal - Ar condicionado - CSC - Pavilhão de Convenções,Manutenção Preventiva > Ar condicionado split,Manutenção Preventiva > Ar condicionado split,0.82,Baixa,Supervisionado_LSTM_baixa_conf,Processado
2026-09-07T03:36:38.000Z,14273,Manutenção Preventiva Mensal - Ar condicionado - CSC - Pavilhão de Feiras,Manutenção Preventiva > Ar condicionado split,Manutenção Preventiva > Ar condicionado split,0.87,Baixa,Supervisionado_LSTM_baixa_conf,Processado
2026-09-07T03:50:40.000Z,14274,Manutenção Preventiva Mensal - Ar Condicionado - CSC - Pórtico,Manutenção Preventiva > Ar condicionado split,Manutenção Preventiva > Ar condicionado split,0.84,Baixa,Supervisionado_LSTM_baixa_conf,Processado
2026-09-07T03:50:40.000Z,14275,Manutenção Preventiva Mensal - Ar condicionado - CPF - Laboratório de Habilidades,Manutenção Preventiva > Ar condicionado split,Manutenção Preventiva > Ar condicionado split,0.91,Baixa,Supervisionado_LSTM_baixa_conf,Processado
2026-09-07T03:50:41.000Z,14276,Manutenção Preventiva Mensal - Ar condicionado - CPF - Clínica escola de Psicologia,Manutenção Preventiva > Ar condicionado split,Manutenção Preventiva > Ar condicionado split,0.89,Baixa,Supervisionado_LSTM_baixa_conf,Processado
2026-09-07T03:50:43.000Z,14277,Manutenção Preventiva Mensal - Ar condicionado - CPF - Salas de Tutoria,Manutenção Preventiva > Ar condicionado split,Manutenção Preventiva > Ar condicionado split,0.64,Baixa,Supervisionado_LSTM_baixa_conf,Processado
2026-09-07T03:50:44.000Z,14278,Manutenção preventiva mensal do elevador da Reitoria,Manutenção Preventiva > Elevador,Manutenção Preventiva > Elevador,0.33,Baixa,Supervisionado_LSTM_baixa_conf,Processado
2026-09-07T03:50:45.000Z,14279,Manutenção preventiva mensal dos elevadores do Núcleo Pedagógico do Campus Paulo Freire,Manutenção Preventiva > Elevador,Manutenção Preventiva > Elevador,0.85,Baixa,Supervisionado_LSTM_baixa_conf,Processado
2026-09-07T03:50:47.000Z,14280,Manutenção preventiva mensal dos elevadores do Núcleo Pedagógico do Campus Jorge Amado,Manutenção Preventiva > Elevador,Manutenção Preventiva > Elevador,0.87,Baixa,Supervisionado_LSTM_baixa_conf,Processado
2026-09-08T12:40:43.000Z,14281,"Prezados, bom dia.  Poderia por favor verificar a possibilidade da tro",Hidrossanitária > Hidráulica,Hidrossanitária > Hidráulica,0.38,Baixa,Supervisionado_LSTM_baixa_conf,Processado
2026-09-08T12:40:43.000Z,14282,"Prezados, bom dia.  Poderia por favor verificar o vaso do banheiro Mas",Hidrossanitária > Hidráulica,Hidrossanitária > Hidráulica,0.38,Baixa,Supervisionado_LSTM_baixa_conf,Processado
2026-09-08T12:40:44.000Z,14283,Interruptor quebrado (área externa),Elétrica > Instalações elétricas,Elétrica > Instalações elétricas,0.28,Média,Supervisionado_LSTM_baixa_conf,Processado
2026-09-08T17:26:33.000Z,14284,Retirada de fraldário,"Instalação de Acessórios e Mobiliário > Instalação/reparo de equipamentos (Suportes de TV, acessórios de banheiro e quadro branco)","Instalação de Acessórios e Mobiliário > Instalação/reparo de equipamentos (Suportes de TV, acessórios de banheiro e quadro branco)",0.27,Baixa,Supervisionado_LSTM_baixa_conf,Processado
2026-09-08T19:47:53.000Z,14285,Solicitação de reparo na porta da Secretaria Executiva,"Estrutura Predial > Esquadrias, porta, portão e janelas","Estrutura Predial > Esquadrias, porta, portão e janelas",0.46,Média,Supervisionado_LSTM_baixa_conf,Processado
2026-09-08T19:47:54.000Z,14286,Instalação de luminária,Elétrica > Iluminação,Elétrica > Iluminação,0.42,Baixa,Supervisionado_LSTM_baixa_conf,Processado
2026-09-09T21:52:44.000Z,14287,Troca de telhado,"Estrutura Predial > Telhados, calhas, rufos, etc.","Estrutura Predial > Telhados, calhas, rufos, etc.",0.47,Baixa,Supervisionado_LSTM_baixa_conf,Processado
2026-09-09T21:52:44.000Z,14288,Instalação de Suporte para Projetor na Sala de Conferências Complexo 2,"Instalação de Acessórios e Mobiliário > Instalação/reparo de equipamentos (Suportes de TV, acessórios de banheiro e quadro branco)","Instalação de Acessórios e Mobiliário > Instalação/reparo de equipamentos (Suportes de TV, acessórios de banheiro e quadro branco)",0.63,Baixa,Supervisionado_LSTM_baixa_conf,Processado
2026-09-09T21:52:46.000Z,14289,"Solicito, por gentileza:  correção do vazamento na sala mirapé  troca",Estrutura Predial > Infiltração,Estrutura Predial > Infiltração,0.16,Baixa,Supervisionado_LSTM_baixa_conf,Processado
2026-09-09T21:52:47.000Z,14290,remoção de forro,Estrutura Predial > Forro,Estrutura Predial > Forro,0.3,Baixa,Supervisionado_LSTM_baixa_conf,Processado
2026-09-09T21:52:47.000Z,14291,Compra de luminárias de iluminação pública para substituição,Elétrica > Iluminação,Elétrica > Iluminação,0.75,Média,Supervisionado_LSTM_baixa_conf,Processado
2026-09-09T21:52:48.000Z,14292,Instalação de tv,"Instalação de Acessórios e Mobiliário > Instalação/reparo de equipamentos (Suportes de TV, acessórios de banheiro e quadro branco)","Instalação de Acessórios e Mobiliário > Instalação/reparo de equipamentos (Suportes de TV, acessórios de banheiro e quadro branco)",0.46,Baixa,Supervisionado_LSTM_baixa_conf,Processado
2026-09-09T21:52:49.000Z,14293,"Prezados, bom dia.  Poderia por favor verificar o vaso do banheiro Mas",Hidrossanitária > Hidráulica,Hidrossanitária > Hidráulica,0.56,Baixa,Supervisionado_LSTM_baixa_conf,Processado
2026-09-09T21:52:49.000Z,14294,Vazamento no banheiro feminino,Hidrossanitária > Hidráulica,Hidrossanitária > Hidráulica,0.36,Baixa,Supervisionado_LSTM_baixa_conf,Processado
2026-09-10T20:28:46.000Z,14295,Trocar antiderrapante dos degraus da escada,Área Externa e Ambiental > Manutenção área externa / meio ambiente / Poda de árvore / Roçagem,Área Externa e Ambiental > Manutenção área externa / meio ambiente / Poda de árvore / Roçagem,0.31,Baixa,Supervisionado_LSTM_baixa_conf,Processado
2026-09-10T20:28:47.000Z,14296,Remoção de casa de maribondo/zangão em janela externa,Área Externa e Ambiental > Manutenção área externa / meio ambiente / Poda de árvore / Roçagem,Área Externa e Ambiental > Manutenção área externa / meio ambiente / Poda de árvore / Roçagem,0.25,Baixa,Supervisionado_LSTM_baixa_conf,Processado
2026-09-10T20:28:47.000Z,14297,"SOLICITO,POR FAVOR O REPARO DA TORNEIRA QUE ESTÁ APRESENTANDO VAZAMENT",Área Externa e Ambiental > Manutenção área externa / meio ambiente / Poda de árvore / Roçagem,Área Externa e Ambiental > Manutenção área externa / meio ambiente / Poda de árvore / Roçagem,0.54,Média,Supervisionado_LSTM_baixa_conf,Processado
2026-09-10T20:28:48.000Z,14298,Vedação de Janela,"Estrutura Predial > Esquadrias, porta, portão e janelas","Estrutura Predial > Esquadrias, porta, portão e janelas",0.41,Baixa,Supervisionado_LSTM_baixa_conf,Processado
2026-09-11T03:51:47.000Z,14299,Manutenção Preventiva de Nobreaks,Manutenção Preventiva > Nobreak,Manutenção Preventiva > Nobreak,0.12,Baixa,Supervisionado_LSTM_baixa_conf,Processado
2026-09-11T11:42:46.000Z,14300,Instalação de tv,"Instalação de Acessórios e Mobiliário > Instalação/reparo de equipamentos (Suportes de TV, acessórios de banheiro e quadro branco)","Instalação de Acessórios e Mobiliário > Instalação/reparo de equipamentos (Suportes de TV, acessórios de banheiro e quadro branco)",0.61,Baixa,Supervisionado_LSTM_baixa_conf,Processado
2026-09-11T11:52:22.000Z,14301,Solicitação de compra – Controles universais para ar-condicionado,Climatização > Ar condicionado split,Climatização > Ar condicionado split,0.6,Baixa,Supervisionado_LSTM_baixa_conf,Processado
2026-09-11T13:52:57.000Z,14302,Remanejamento de Access Point,TI / Dados / Rede > Ponto de rede / fibra ótica / Wi-fi,TI / Dados / Rede > Ponto de rede / fibra ótica / Wi-fi,0.35,Baixa,Supervisionado_LSTM_baixa_conf,Processado
2026-09-11T22:08:27.000Z,14303,Instalação de molas aéreas nas portas,"Estrutura Predial > Esquadrias, porta, portão e janelas","Estrutura Predial > Esquadrias, porta, portão e janelas",0.61,Baixa,Supervisionado_LSTM_baixa_conf,Processado
2026-09-11T22:08:28.000Z,14304,Instalação de suportes para TVs,"Instalação de Acessórios e Mobiliário > Instalação/reparo de equipamentos (Suportes de TV, acessórios de banheiro e quadro branco)","Instalação de Acessórios e Mobiliário > Instalação/reparo de equipamentos (Suportes de TV, acessórios de banheiro e quadro branco)",0.48,Baixa,Supervisionado_LSTM_baixa_conf,Processado
2026-09-11T22:08:29.000Z,14305,Estabilização/fixação dos vidros das janelas,"Estrutura Predial > Esquadrias, porta, portão e janelas","Estrutura Predial > Esquadrias, porta, portão e janelas",0.77,Baixa,Supervisionado_LSTM_baixa_conf,Processado
2026-09-11T22:08:34.000Z,14306,Chuveiro Lava-olhos,Hidrossanitária > Hidráulica,Hidrossanitária > Hidráulica,0.72,Baixa,Supervisionado_LSTM_baixa_conf,Processado
2026-09-11T22:08:35.000Z,14307,Ar condicionado da Sala da Coordenação do NPJ,Climatização > Ar condicionado split,Climatização > Ar condicionado split,0.95,Baixa,Supervisionado_LSTM,Processado
2026-09-11T22:08:36.000Z,14308,Verificação e substituição de vidro quebrado,"Estrutura Predial > Esquadrias, porta, portão e janelas","Estrutura Predial > Esquadrias, porta, portão e janelas",0.45,Média,Supervisionado_LSTM_baixa_conf,Processado
2026-09-13T17:01:35.000Z,14309,Solicitação de PIN,TI / Dados / Rede > Ponto de rede / fibra ótica / Wi-fi,TI / Dados / Rede > Ponto de rede / fibra ótica / Wi-fi,0.24,Baixa,Supervisionado_LSTM_baixa_conf,Processado
2026-09-14T15:38:53.000Z,14310,Solicitação de manutenção em aparelho de ar condicionado,Climatização > Ar condicionado split,Climatização > Ar condicionado split,0.98,Baixa,Supervisionado_LSTM,Processado
2026-09-14T15:38:54.000Z,14311,Solicito compra e instalaçao de gás,Climatização > Ar condicionado split,Climatização > Ar condicionado split,0.35,Baixa,Supervisionado_LSTM_baixa_conf,Processado
2026-09-14T17:36:04.000Z,14312,Ar condicionado está com defeito,Climatização > Ar condicionado split,Climatização > Ar condicionado split,0.97,Média,Supervisionado_LSTM,Processado
2026-09-14T18:28:43.000Z,14313,Execução de poita (picole) de concreto,Estrutura Predial > Alvenaria / Pisos / Estrutura,Estrutura Predial > Alvenaria / Pisos / Estrutura,0.41,Baixa,Supervisionado_LSTM_baixa_conf,Processado
2026-09-14T19:35:27.000Z,14314,Vazamento no camarim,Hidrossanitária > Hidráulica,Hidrossanitária > Hidráulica,0.53,Baixa,Supervisionado_LSTM_baixa_conf,Processado
2026-09-15T12:54:20.000Z,14315,Reparo no sistema de água de Reúso - Reitoria,Hidrossanitária > Hidráulica,Hidrossanitária > Hidráulica,0.32,Média,Supervisionado_LSTM_baixa_conf,Processado
2026-09-15T12:54:21.000Z,14316,Descarga do banheiro feminino,Hidrossanitária > Hidráulica,Hidrossanitária > Hidráulica,0.94,Baixa,Supervisionado_LSTM_baixa_conf,Processado
2026-09-15T17:38:43.000Z,14317,Transporte e Instalação de Computador,"Instalação de Acessórios e Mobiliário > Instalação/reparo de equipamentos (Suportes de TV, acessórios de banheiro e quadro branco)","Instalação de Acessórios e Mobiliário > Instalação/reparo de equipamentos (Suportes de TV, acessórios de banheiro e quadro branco)",0.23,Baixa,Supervisionado_LSTM_baixa_conf,Processado
2026-09-15T18:22:40.000Z,14318,Fibra.,TI / Dados / Rede > Ponto de rede / fibra ótica / Wi-fi,TI / Dados / Rede > Ponto de rede / fibra ótica / Wi-fi,0.1,Baixa,Supervisionado_LSTM_baixa_conf,Processado
2026-09-15T18:37:28.000Z,14319,"Solicito retoque de pintura na parede ao lado do espelho, do banheiro",Estrutura Predial > Pintura,Estrutura Predial > Pintura,0.15,Baixa,Supervisionado_LSTM_baixa_conf,Processado
2026-09-15T19:07:03.000Z,14320,LIgar ar condicionado central -auditório monte pascal,Climatização > Ar condicionado central,Climatização > Ar condicionado central,0.59,Baixa,Supervisionado_LSTM_baixa_conf,Processado
2026-09-15T19:36:26.000Z,14321,"Prezados(as), boa tarde!     Por gentileza, solicito a instalação de 8","Instalação de Acessórios e Mobiliário > Instalação/reparo de equipamentos (Suportes de TV, acessórios de banheiro e quadro branco)","Instalação de Acessórios e Mobiliário > Instalação/reparo de equipamentos (Suportes de TV, acessórios de banheiro e quadro branco)",0.36,Baixa,Supervisionado_LSTM_baixa_conf,Processado
2026-09-16T12:50:26.000Z,14322,Instalação de suporte de papel toalha,"Instalação de Acessórios e Mobiliário > Instalação/reparo de equipamentos (Suportes de TV, acessórios de banheiro e quadro branco)","Instalação de Acessórios e Mobiliário > Instalação/reparo de equipamentos (Suportes de TV, acessórios de banheiro e quadro branco)",0.37,Baixa,Supervisionado_LSTM_baixa_conf,Processado
2026-09-16T12:50:27.000Z,14323,Reinstalar Suporte para papel toalha,"Instalação de Acessórios e Mobiliário > Instalação/reparo de equipamentos (Suportes de TV, acessórios de banheiro e quadro branco)","Instalação de Acessórios e Mobiliário > Instalação/reparo de equipamentos (Suportes de TV, acessórios de banheiro e quadro branco)",0.29,Baixa,Supervisionado_LSTM_baixa_conf,Processado
2026-09-16T12:50:27.000Z,14324,Porta travando ou emperrada,"Estrutura Predial > Esquadrias, porta, portão e janelas","Estrutura Predial > Esquadrias, porta, portão e janelas",0.5,Baixa,Supervisionado_LSTM_baixa_conf,Processado
2026-09-16T14:05:21.000Z,14325,Caixa de areia para mitigação de chamas,"Segurança contra Incêndio > Sistemas de combate a incêndio (extintores, hidrantes)","Segurança contra Incêndio > Sistemas de combate a incêndio (extintores, hidrantes)",0.31,Baixa,Supervisionado_LSTM_baixa_conf,Processado
2026-09-16T14:05:22.000Z,14326,Solicito a abertura do GFE para que eu possa colocar os arquivos da ex,TI / Dados / Rede > Ponto de rede / fibra ótica / Wi-fi,TI / Dados / Rede > Ponto de rede / fibra ótica / Wi-fi,0.24,Baixa,Supervisionado_LSTM_baixa_conf,Processado
2026-09-16T16:21:59.000Z,14327,Caixa de Areia para mitigação de chamas,"Segurança contra Incêndio > Sistemas de combate a incêndio (extintores, hidrantes)","Segurança contra Incêndio > Sistemas de combate a incêndio (extintores, hidrantes)",0.41,Baixa,Supervisionado_LSTM_baixa_conf,Processado
2026-09-16T19:40:07.000Z,14328,Papel em Janela,"Estrutura Predial > Esquadrias, porta, portão e janelas","Estrutura Predial > Esquadrias, porta, portão e janelas",0.46,Baixa,Supervisionado_LSTM_baixa_conf,Processado
2026-09-16T19:40:07.000Z,14329,Laboratório de Ecotoxicologia no CEPEC/CEPLAC,Elétrica > Instalações elétricas,Elétrica > Instalações elétricas,0.3,Baixa,Supervisionado_LSTM_baixa_conf,Processado
2026-09-16T19:40:09.000Z,14330,Laboratório de Ecotoxicologia no CEPEC/CEPLAC,TI / Dados / Rede > Ponto de rede / fibra ótica / Wi-fi,TI / Dados / Rede > Ponto de rede / fibra ótica / Wi-fi,0.3,Baixa,Supervisionado_LSTM_baixa_conf,Processado
2026-09-16T22:28:57.000Z,14331,Manutenção em ar condicionado LECOMAR,Climatização > Ar condicionado split,Climatização > Ar condicionado split,0.92,Baixa,Supervisionado_LSTM_baixa_conf,Processado
2026-09-17T03:22:35.000Z,14332,Refletores RGB CSC,Manutenção Preventiva > Iluminação,Manutenção Preventiva > Iluminação,0.51,Baixa,Supervisionado_LSTM_baixa_conf,Processado
2026-09-17T03:22:35.000Z,14333,Refletores RGB - CPF,Manutenção Preventiva > Iluminação,Manutenção Preventiva > Iluminação,0.43,Baixa,Supervisionado_LSTM_baixa_conf,Processado
2026-09-17T03:22:36.000Z,14334,Refletores RGB - Reitoria,Manutenção Preventiva > Iluminação,Elétrica > Iluminação,0.75,Baixa,Supervisionado_LSTM_baixa_conf,Processado
2026-09-17T23:47:21.000Z,14335,Troca da fechadura,"Estrutura Predial > Esquadrias, porta, portão e janelas","Estrutura Predial > Esquadrias, porta, portão e janelas",0.65,Baixa,Supervisionado_LSTM_baixa_conf,Processado
2026-09-17T23:47:22.000Z,14336,Ar condicionado com problema,Climatização > Ar condicionado split,Climatização > Ar condicionado split,0.97,Baixa,Supervisionado_LSTM,Processado
2026-09-17T23:47:22.000Z,14337,SPDA,Elétrica > Instalações elétricas,Elétrica > Instalações elétricas,0.21,Baixa,Supervisionado_LSTM_baixa_conf,Processado
